-- MySQL dump 10.13  Distrib 8.0.27, for Win64 (x86_64)
--
-- Host: localhost    Database: dangkytinchi
-- ------------------------------------------------------
-- Server version	8.0.27

/*!40101 SET @OLD_CHARACTER_SET_CLIENT=@@CHARACTER_SET_CLIENT */;
/*!40101 SET @OLD_CHARACTER_SET_RESULTS=@@CHARACTER_SET_RESULTS */;
/*!40101 SET @OLD_COLLATION_CONNECTION=@@COLLATION_CONNECTION */;
/*!50503 SET NAMES utf8 */;
/*!40103 SET @OLD_TIME_ZONE=@@TIME_ZONE */;
/*!40103 SET TIME_ZONE='+00:00' */;
/*!40014 SET @OLD_UNIQUE_CHECKS=@@UNIQUE_CHECKS, UNIQUE_CHECKS=0 */;
/*!40014 SET @OLD_FOREIGN_KEY_CHECKS=@@FOREIGN_KEY_CHECKS, FOREIGN_KEY_CHECKS=0 */;
/*!40101 SET @OLD_SQL_MODE=@@SQL_MODE, SQL_MODE='NO_AUTO_VALUE_ON_ZERO' */;
/*!40111 SET @OLD_SQL_NOTES=@@SQL_NOTES, SQL_NOTES=0 */;

--
-- Table structure for table `tbl_bo_mon`
--

DROP TABLE IF EXISTS `tbl_bo_mon`;
/*!40101 SET @saved_cs_client     = @@character_set_client */;
/*!50503 SET character_set_client = utf8mb4 */;
CREATE TABLE `tbl_bo_mon` (
  `maBoMon` varchar(45) NOT NULL,
  `tenBoMon` varchar(45) NOT NULL,
  `maKhoa` varchar(45) NOT NULL,
  `moTa` varchar(45) DEFAULT NULL,
  PRIMARY KEY (`maBoMon`),
  KEY `tbl_khoa_idx` (`maKhoa`),
  CONSTRAINT `tbl_khoa1` FOREIGN KEY (`maKhoa`) REFERENCES `tbl_khoa` (`maKhoa`)
) ENGINE=InnoDB DEFAULT CHARSET=utf8mb4 COLLATE=utf8mb4_0900_ai_ci;
/*!40101 SET character_set_client = @saved_cs_client */;

--
-- Dumping data for table `tbl_bo_mon`
--

LOCK TABLES `tbl_bo_mon` WRITE;
/*!40000 ALTER TABLE `tbl_bo_mon` DISABLE KEYS */;
INSERT INTO `tbl_bo_mon` VALUES ('BOMON01','Toán','COBAN01',NULL),('BOMON02','Vật lý','COBAN01',NULL),('BOMON03','Ngoại ngữ','COBAN01',NULL),('BOMON04','Lý luận chính trị','COBAN01',NULL),('BOMON05','GDTC-QP','COBAN01',NULL),('BOMON06','Xây dựng các hệ thống nhúng','COBAN01',NULL),('BOMON07','Khoa học máy tính','CNTT01',NULL),('BOMON08','An toàn thông tin','CNTT01',NULL),('BOMON09','Hệ thống thông tin','CNTT01',NULL),('BOMON10','Công nghệ phần mềm','CNTT01',NULL);
/*!40000 ALTER TABLE `tbl_bo_mon` ENABLE KEYS */;
UNLOCK TABLES;

--
-- Table structure for table `tbl_dang_ky_hoc`
--

DROP TABLE IF EXISTS `tbl_dang_ky_hoc`;
/*!40101 SET @saved_cs_client     = @@character_set_client */;
/*!50503 SET character_set_client = utf8mb4 */;
CREATE TABLE `tbl_dang_ky_hoc` (
  `maDangKyHoc` varchar(45) NOT NULL,
  `maSinhVienKhoa` varchar(45) NOT NULL,
  `maLopHocPhan` varchar(45) NOT NULL,
  PRIMARY KEY (`maDangKyHoc`),
  KEY `tbl_sinh_vien_khoa_idx` (`maSinhVienKhoa`),
  KEY `tb_lop_hov_phan_idx` (`maLopHocPhan`),
  CONSTRAINT `tb_lop_hov_phan` FOREIGN KEY (`maLopHocPhan`) REFERENCES `tbl_lop_hoc_phan` (`maLopHocPhan`),
  CONSTRAINT `tbl_sinh_vien_khoa` FOREIGN KEY (`maSinhVienKhoa`) REFERENCES `tbl_sinh_vien_khoa` (`maSinhVienKhoa`)
) ENGINE=InnoDB DEFAULT CHARSET=utf8mb4 COLLATE=utf8mb4_0900_ai_ci;
/*!40101 SET character_set_client = @saved_cs_client */;

--
-- Dumping data for table `tbl_dang_ky_hoc`
--

LOCK TABLES `tbl_dang_ky_hoc` WRITE;
/*!40000 ALTER TABLE `tbl_dang_ky_hoc` DISABLE KEYS */;
INSERT INTO `tbl_dang_ky_hoc` VALUES ('B18DCCN147D18-008','B18CN147','D18-008');
/*!40000 ALTER TABLE `tbl_dang_ky_hoc` ENABLE KEYS */;
UNLOCK TABLES;

--
-- Table structure for table `tbl_hoc_ki`
--

DROP TABLE IF EXISTS `tbl_hoc_ki`;
/*!40101 SET @saved_cs_client     = @@character_set_client */;
/*!50503 SET character_set_client = utf8mb4 */;
CREATE TABLE `tbl_hoc_ki` (
  `maHocKi` varchar(45) NOT NULL,
  `tenHocKi` varchar(45) NOT NULL,
  `moTa` varchar(45) DEFAULT NULL,
  PRIMARY KEY (`maHocKi`)
) ENGINE=InnoDB DEFAULT CHARSET=utf8mb4 COLLATE=utf8mb4_0900_ai_ci;
/*!40101 SET character_set_client = @saved_cs_client */;

--
-- Dumping data for table `tbl_hoc_ki`
--

LOCK TABLES `tbl_hoc_ki` WRITE;
/*!40000 ALTER TABLE `tbl_hoc_ki` DISABLE KEYS */;
INSERT INTO `tbl_hoc_ki` VALUES ('HOCKI01','Học kì 1',NULL),('HOCKY02','Học ký 2',NULL),('HOCKY03','Học kỳ hè',NULL),('HOCKY04','Học kỳ đông',NULL);
/*!40000 ALTER TABLE `tbl_hoc_ki` ENABLE KEYS */;
UNLOCK TABLES;

--
-- Table structure for table `tbl_khoa`
--

DROP TABLE IF EXISTS `tbl_khoa`;
/*!40101 SET @saved_cs_client     = @@character_set_client */;
/*!50503 SET character_set_client = utf8mb4 */;
CREATE TABLE `tbl_khoa` (
  `maKhoa` varchar(45) NOT NULL,
  `tenKhoa` varchar(45) NOT NULL,
  `moTa` varchar(1000) NOT NULL,
  PRIMARY KEY (`maKhoa`)
) ENGINE=InnoDB DEFAULT CHARSET=utf8mb4 COLLATE=utf8mb4_0900_ai_ci;
/*!40101 SET character_set_client = @saved_cs_client */;

--
-- Dumping data for table `tbl_khoa`
--

LOCK TABLES `tbl_khoa` WRITE;
/*!40000 ALTER TABLE `tbl_khoa` DISABLE KEYS */;
INSERT INTO `tbl_khoa` VALUES ('CNTT01','Công nghệ thông tin 01','Khoa Công nghệ thông tin 01'),('COBAN01','Khoa cơ bản 01','Khoa cơ bản 01');
/*!40000 ALTER TABLE `tbl_khoa` ENABLE KEYS */;
UNLOCK TABLES;

--
-- Table structure for table `tbl_ki_hoc`
--

DROP TABLE IF EXISTS `tbl_ki_hoc`;
/*!40101 SET @saved_cs_client     = @@character_set_client */;
/*!50503 SET character_set_client = utf8mb4 */;
CREATE TABLE `tbl_ki_hoc` (
  `maKiHoc` varchar(45) NOT NULL,
  `dangHoc` int NOT NULL,
  `dangDangKy` int NOT NULL,
  `maHocKi` varchar(45) NOT NULL,
  `maNamHoc` varchar(45) NOT NULL,
  PRIMARY KEY (`maKiHoc`),
  KEY `tbl_nam_hoc_idx` (`maNamHoc`),
  KEY `tbl_hoc_ki_idx` (`maHocKi`),
  CONSTRAINT `tbl_hoc_ki` FOREIGN KEY (`maHocKi`) REFERENCES `tbl_hoc_ki` (`maHocKi`),
  CONSTRAINT `tbl_nam_hoc1` FOREIGN KEY (`maNamHoc`) REFERENCES `tbl_nam_hoc` (`maNamHoc`)
) ENGINE=InnoDB DEFAULT CHARSET=utf8mb4 COLLATE=utf8mb4_0900_ai_ci;
/*!40101 SET character_set_client = @saved_cs_client */;

--
-- Dumping data for table `tbl_ki_hoc`
--

LOCK TABLES `tbl_ki_hoc` WRITE;
/*!40000 ALTER TABLE `tbl_ki_hoc` DISABLE KEYS */;
INSERT INTO `tbl_ki_hoc` VALUES ('KYHOC08',1,1,'HOCKY02','NAMHOC2021');
/*!40000 ALTER TABLE `tbl_ki_hoc` ENABLE KEYS */;
UNLOCK TABLES;

--
-- Table structure for table `tbl_kip_hoc`
--

DROP TABLE IF EXISTS `tbl_kip_hoc`;
/*!40101 SET @saved_cs_client     = @@character_set_client */;
/*!50503 SET character_set_client = utf8mb4 */;
CREATE TABLE `tbl_kip_hoc` (
  `maKipHoc` varchar(45) NOT NULL,
  `tenKipHoc` varchar(45) NOT NULL,
  `moTa` varchar(45) DEFAULT NULL,
  PRIMARY KEY (`maKipHoc`)
) ENGINE=InnoDB DEFAULT CHARSET=utf8mb4 COLLATE=utf8mb4_0900_ai_ci;
/*!40101 SET character_set_client = @saved_cs_client */;

--
-- Dumping data for table `tbl_kip_hoc`
--

LOCK TABLES `tbl_kip_hoc` WRITE;
/*!40000 ALTER TABLE `tbl_kip_hoc` DISABLE KEYS */;
INSERT INTO `tbl_kip_hoc` VALUES ('KIPHOC01','KIP 01','7h-9h'),('KIPHOC02','KIP 02','9h-11h'),('KIPHOC03','KIP 03','12h-14h'),('KIPHOC04','KIP 04','14h-16h'),('KIPHOC05','KIP 05','16h-18h'),('KIPHOC06','KIP 06','18h-20h');
/*!40000 ALTER TABLE `tbl_kip_hoc` ENABLE KEYS */;
UNLOCK TABLES;

--
-- Table structure for table `tbl_lich_hoc`
--

DROP TABLE IF EXISTS `tbl_lich_hoc`;
/*!40101 SET @saved_cs_client     = @@character_set_client */;
/*!50503 SET character_set_client = utf8mb4 */;
CREATE TABLE `tbl_lich_hoc` (
  `maLichHoc` varchar(45) NOT NULL,
  `tenLichHoc` varchar(45) NOT NULL,
  `giangVien` varchar(45) NOT NULL,
  `maLopHocPhan` varchar(45) NOT NULL,
  `maPhongHoc` varchar(45) NOT NULL,
  `maTuanHoc` varchar(45) NOT NULL,
  `maNgayHoc` varchar(45) NOT NULL,
  `maKipHoc` varchar(45) NOT NULL,
  PRIMARY KEY (`maLichHoc`),
  KEY `tbl_lop_hoc_phan_idx` (`maLopHocPhan`),
  KEY `tbl_phong_hoc_idx` (`maPhongHoc`),
  KEY `tbl_tuan_hoc_idx` (`maTuanHoc`),
  KEY `tbl_ngay_hoc_idx` (`maNgayHoc`),
  KEY `tbl_kip_hoc_idx` (`maKipHoc`),
  CONSTRAINT `tbl_kip_hoc` FOREIGN KEY (`maKipHoc`) REFERENCES `tbl_kip_hoc` (`maKipHoc`),
  CONSTRAINT `tbl_lop_hoc_phan` FOREIGN KEY (`maLopHocPhan`) REFERENCES `tbl_lop_hoc_phan` (`maLopHocPhan`),
  CONSTRAINT `tbl_ngay_hoc` FOREIGN KEY (`maNgayHoc`) REFERENCES `tbl_ngay_hoc` (`maNgayHoc`),
  CONSTRAINT `tbl_phong_hoc` FOREIGN KEY (`maPhongHoc`) REFERENCES `tbl_phong_hoc` (`maPhongHoc`),
  CONSTRAINT `tbl_tuan_hoc` FOREIGN KEY (`maTuanHoc`) REFERENCES `tbl_tuan_hoc` (`maTuanHoc`)
) ENGINE=InnoDB DEFAULT CHARSET=utf8mb4 COLLATE=utf8mb4_0900_ai_ci;
/*!40101 SET character_set_client = @saved_cs_client */;

--
-- Dumping data for table `tbl_lich_hoc`
--

LOCK TABLES `tbl_lich_hoc` WRITE;
/*!40000 ALTER TABLE `tbl_lich_hoc` DISABLE KEYS */;
INSERT INTO `tbl_lich_hoc` VALUES ('LICHHOC001','Lịch học 001','N.D.Phương','D18-008','1131751','TUANHOC27','NGAYHOC013','KIPHOC01'),('LICHHOC002','Lịch học 002','N.D.Phương','D18-008','1131751','TUANHOC28','NGAYHOC020','KIPHOC01'),('LICHHOC003','Lịch học 003','N.D.Phương','D18-008','1131751','TUANHOC29','NGAYHOC027','KIPHOC01'),('LICHHOC004','Lịch học 004','N.D.Phương','D18-008','1131751','TUANHOC30','NGAYHOC034','KIPHOC01'),('LICHHOC005','Lịch học 005','N.D.Phương','D18-008','1131751','TUANHOC31','NGAYHOC041','KIPHOC01'),('LICHHOC006','Lịch học 006','N.D.Phương','D18-008','1131751','TUANHOC32','NGAYHOC048','KIPHOC01'),('LICHHOC007','Lịch học 007','N.D.Phương','D18-008','1131751','TUANHOC33','NGAYHOC055','KIPHOC01'),('LICHHOC008','Lịch học 008','N.D.Phương','D18-009','1131751','TUANHOC27','NGAYHOC013','KIPHOC02'),('LICHHOC009','Lịch học 009','N.D.Phương','D18-009','1131751','TUANHOC28','NGAYHOC020','KIPHOC02'),('LICHHOC010','Lịch học 010','N.D.Phương','D18-009','1131751','TUANHOC29','NGAYHOC027','KIPHOC02'),('LICHHOC011','Lịch học 011','N.D.Phương','D18-009','1131751','TUANHOC30','NGAYHOC034','KIPHOC02'),('LICHHOC012','Lịch học 012','N.D.Phương','D18-009','1131751','TUANHOC31','NGAYHOC041','KIPHOC02'),('LICHHOC013','Lịch học 013','N.D.Phương','D18-009','1131751','TUANHOC32','NGAYHOC048','KIPHOC02'),('LICHHOC014','Lịch học 014','N.D.Phương','D18-009','1131751','TUANHOC33','NGAYHOC055','KIPHOC02'),('LICHHOC015','Lịch học 015','N.D.Phương','D18-010','1131751','TUANHOC27','NGAYHOC013','KIPHOC04'),('LICHHOC016','Lịch học 016','N.D.Phương','D18-010','1131751','TUANHOC28','NGAYHOC020','KIPHOC04'),('LICHHOC017','Lịch học 017','N.D.Phương','D18-010','1131751','TUANHOC29','NGAYHOC027','KIPHOC04'),('LICHHOC018','Lịch học 018','N.D.Phương','D18-010','1131751','TUANHOC30','NGAYHOC034','KIPHOC04'),('LICHHOC019','Lịch học 019','N.D.Phương','D18-010','1131751','TUANHOC31','NGAYHOC041','KIPHOC04'),('LICHHOC020','Lịch học 020','N.D.Phương','D18-010','1131751','TUANHOC32','NGAYHOC048','KIPHOC04'),('LICHHOC021','Lịch học 021','N.D.Phương','D18-010','1131751','TUANHOC33','NGAYHOC055','KIPHOC04'),('LICHHOC022','Lịch học 022','N.D.Phương','D18-011','1131751','TUANHOC27','NGAYHOC013','KIPHOC05'),('LICHHOC023','Lịch học 023','N.D.Phương','D18-011','1131751','TUANHOC28','NGAYHOC020','KIPHOC05'),('LICHHOC024','Lịch học 024','N.D.Phương','D18-011','1131751','TUANHOC29','NGAYHOC027','KIPHOC05'),('LICHHOC025','Lịch học 025','N.D.Phương','D18-011','1131751','TUANHOC30','NGAYHOC034','KIPHOC05'),('LICHHOC026','Lịch học 026','N.D.Phương','D18-011','1131751','TUANHOC31','NGAYHOC041','KIPHOC05'),('LICHHOC027','Lịch học 027','N.D.Phương','D18-011','1131751','TUANHOC32','NGAYHOC048','KIPHOC05'),('LICHHOC028','Lịch học 028','N.D.Phương','D18-011','1131751','TUANHOC33','NGAYHOC055','KIPHOC05'),('LICHHOC029','Lịch học 029','Đ.T.B.Ngọc','D18-022','1131446','TUANHOC26','NGAYHOC005','KIPHOC06'),('LICHHOC030','Lịch học 030','Đ.T.B.Ngọc','D18-022','1131446','TUANHOC27','NGAYHOC012','KIPHOC06'),('LICHHOC031','Lịch học 031','Đ.T.B.Ngọc','D18-022','1131446','TUANHOC28','NGAYHOC019','KIPHOC06'),('LICHHOC032','Lịch học 032','Đ.T.B.Ngọc','D18-022','1131446','TUANHOC29','NGAYHOC026','KIPHOC06'),('LICHHOC033','Lịch học 033','Đ.T.B.Ngọc','D18-022','1131446','TUANHOC30','NGAYHOC033','KIPHOC06'),('LICHHOC034','Lịch học 034','Đ.T.B.Ngọc','D18-022','1131446','TUANHOC31','NGAYHOC040','KIPHOC06'),('LICHHOC035','Lịch học 035','Đ.T.B.Ngọc','D18-022','1131446','TUANHOC32','NGAYHOC047','KIPHOC06'),('LICHHOC036','Lịch học 036','Đ.T.B.Ngọc','D18-022','1131446','TUANHOC26','NGAYHOC005','KIPHOC04'),('LICHHOC037','Lịch học 037','Đ.T.B.Ngọc','D18-022','1131446','TUANHOC27','NGAYHOC012','KIPHOC04'),('LICHHOC038','Lịch học 038','Đ.T.B.Ngọc','D18-022','1131446','TUANHOC28','NGAYHOC019','KIPHOC04'),('LICHHOC039','Lịch học 039','Đ.T.B.Ngọc','D18-022','1131446','TUANHOC29','NGAYHOC026','KIPHOC04'),('LICHHOC040','Lịch học 040','Đ.T.B.Ngọc','D18-022','1131446','TUANHOC30','NGAYHOC033','KIPHOC04'),('LICHHOC041','Lịch học 041','Đ.T.B.Ngọc','D18-022','1131446','TUANHOC31','NGAYHOC040','KIPHOC04'),('LICHHOC042','Lịch học 042','Đ.T.B.Ngọc','D18-022','1131446','TUANHOC32','NGAYHOC047','KIPHOC04'),('LICHHOC043','Lịch học 043','Đ.T.B.Ngọc','D18-022','1131446','TUANHOC33','NGAYHOC054','KIPHOC04'),('LICHHOC044','Lịch học 044','Đ.T.B.Ngọc','D18-022','1131446','TUANHOC34','NGAYHOC061','KIPHOC04'),('LICHHOC045','Lịch học 045','Đ.T.B.Ngọc','D18-022','1131446','TUANHOC35','NGAYHOC068','KIPHOC04'),('LICHHOC046','Lịch học 046','Đ.T.B.Ngọc','D18-022','1131446','TUANHOC36','NGAYHOC075','KIPHOC04'),('LICHHOC047','Lịch học 047','Đ.T.B.Ngọc','D18-022','1131446','TUANHOC37','NGAYHOC082','KIPHOC04'),('LICHHOC048','Lịch học 048','Đ.T.B.Ngọc','D18-022','1131446','TUANHOC38','NGAYHOC089','KIPHOC04'),('LICHHOC049','Lịch học 049','Đ.T.B.Ngọc','D18-022','1131446','TUANHOC39','NGAYHOC096','KIPHOC04'),('LICHHOC050','Lịch học 050','Đ.T.B.Ngọc','D18-022','1131446','TUANHOC40','NGAYHOC103','KIPHOC04'),('LICHHOC051','Lịch học 051','Đ.T.B.Ngọc','D18-023','1131446','TUANHOC26','NGAYHOC005','KIPHOC05'),('LICHHOC052','Lịch học 052','Đ.T.B.Ngọc','D18-023','1131446','TUANHOC27','NGAYHOC012','KIPHOC05'),('LICHHOC053','Lịch học 053','Đ.T.B.Ngọc','D18-023','1131446','TUANHOC28','NGAYHOC019','KIPHOC05'),('LICHHOC054','Lịch học 054','Đ.T.B.Ngọc','D18-023','1131446','TUANHOC29','NGAYHOC026','KIPHOC05'),('LICHHOC055','Lịch học 055','Đ.T.B.Ngọc','D18-023','1131446','TUANHOC30','NGAYHOC033','KIPHOC05'),('LICHHOC056','Lịch học 056','Đ.T.B.Ngọc','D18-023','1131446','TUANHOC31','NGAYHOC040','KIPHOC05'),('LICHHOC057','Lịch học 057','Đ.T.B.Ngọc','D18-023','1131446','TUANHOC32','NGAYHOC047','KIPHOC05'),('LICHHOC058','Lịch học 058','Đ.T.B.Ngọc','D18-023','1131446','TUANHOC33','NGAYHOC054','KIPHOC05'),('LICHHOC059','Lịch học 059','Đ.T.B.Ngọc','D18-023','1131446','TUANHOC34','NGAYHOC061','KIPHOC05'),('LICHHOC060','Lịch học 060','Đ.T.B.Ngọc','D18-023','1131446','TUANHOC35','NGAYHOC068','KIPHOC05'),('LICHHOC061','Lịch học 061','Đ.T.B.Ngọc','D18-023','1131446','TUANHOC36','NGAYHOC075','KIPHOC05'),('LICHHOC062','Lịch học 062','Đ.T.B.Ngọc','D18-023','1131446','TUANHOC37','NGAYHOC082','KIPHOC05'),('LICHHOC063','Lịch học 063','Đ.T.B.Ngọc','D18-023','1131446','TUANHOC38','NGAYHOC089','KIPHOC05'),('LICHHOC064','Lịch học 064','Đ.T.B.Ngọc','D18-023','1131446','TUANHOC39','NGAYHOC096','KIPHOC05'),('LICHHOC065','Lịch học 065','Đ.T.B.Ngọc','D18-023','1131446','TUANHOC40','NGAYHOC103','KIPHOC05'),('LICHHOC066','Lịch học 066','Đ.T.B.Ngọc','D18-023','1131446','TUANHOC34','NGAYHOC061','KIPHOC06'),('LICHHOC067','Lịch học 067','Đ.T.B.Ngọc','D18-023','1131446','TUANHOC35','NGAYHOC068','KIPHOC06'),('LICHHOC068','Lịch học 068','Đ.T.B.Ngọc','D18-023','1131446','TUANHOC36','NGAYHOC075','KIPHOC06'),('LICHHOC069','Lịch học 069','Đ.T.B.Ngọc','D18-023','1131446','TUANHOC37','NGAYHOC082','KIPHOC06'),('LICHHOC070','Lịch học 070','Đ.T.B.Ngọc','D18-023','1131446','TUANHOC38','NGAYHOC089','KIPHOC06'),('LICHHOC071','Lịch học 071','Đ.T.B.Ngọc','D18-023','1131446','TUANHOC39','NGAYHOC096','KIPHOC06'),('LICHHOC072','Lịch học 072','Đ.T.B.Ngọc','D18-023','1131446','TUANHOC40','NGAYHOC103','KIPHOC06'),('LICHHOC073','Lịch học 073','Đ.N.Phong','D18-024','0912239696','TUANHOC27','NGAYHOC008','KIPHOC03'),('LICHHOC074','Lịch học 074','Đ.N.Phong','D18-024','0912239696','TUANHOC28','NGAYHOC015','KIPHOC03'),('LICHHOC075','Lịch học 075','Đ.N.Phong','D18-024','0912239696','TUANHOC29','NGAYHOC022','KIPHOC03'),('LICHHOC076','Lịch học 076','Đ.N.Phong','D18-024','0912239696','TUANHOC30','NGAYHOC029','KIPHOC03'),('LICHHOC077','Lịch học 077','Đ.N.Phong','D18-024','0912239696','TUANHOC31','NGAYHOC036','KIPHOC03'),('LICHHOC078','Lịch học 078','Đ.N.Phong','D18-024','0912239696','TUANHOC32','NGAYHOC043','KIPHOC03'),('LICHHOC079','Lịch học 079','Đ.N.Phong','D18-024','0912239696','TUANHOC26','NGAYHOC006','KIPHOC03'),('LICHHOC080','Lịch học 080','Đ.N.Phong','D18-024','0912239696','TUANHOC27','NGAYHOC008','KIPHOC01'),('LICHHOC081','Lịch học 081','Đ.N.Phong','D18-024','0912239696','TUANHOC28','NGAYHOC015','KIPHOC01'),('LICHHOC082','Lịch học 082','Đ.N.Phong','D18-024','0912239696','TUANHOC29','NGAYHOC022','KIPHOC01'),('LICHHOC083','Lịch học 083','Đ.N.Phong','D18-024','0912239696','TUANHOC30','NGAYHOC029','KIPHOC01'),('LICHHOC084','Lịch học 084','Đ.N.Phong','D18-024','0912239696','TUANHOC31','NGAYHOC036','KIPHOC01'),('LICHHOC085','Lịch học 085','Đ.N.Phong','D18-024','0912239696','TUANHOC32','NGAYHOC043','KIPHOC01'),('LICHHOC086','Lịch học 086','Đ.N.Phong','D18-024','0912239696','TUANHOC33','NGAYHOC050','KIPHOC01'),('LICHHOC087','Lịch học 087','Đ.N.Phong','D18-024','0912239696','TUANHOC34','NGAYHOC057','KIPHOC01'),('LICHHOC088','Lịch học 088','Đ.N.Phong','D18-024','0912239696','TUANHOC36','NGAYHOC071','KIPHOC01'),('LICHHOC089','Lịch học 089','Đ.N.Phong','D18-024','0912239696','TUANHOC37','NGAYHOC078','KIPHOC01'),('LICHHOC090','Lịch học 090','Đ.N.Phong','D18-024','0912239696','TUANHOC39','NGAYHOC092','KIPHOC01'),('LICHHOC091','Lịch học 091','Đ.N.Phong','D18-024','0912239696','TUANHOC40','NGAYHOC099','KIPHOC01'),('LICHHOC092','Lịch học 092','Đ.N.Phong','D18-024','0912239696','TUANHOC41','NGAYHOC106','KIPHOC01'),('LICHHOC093','Lịch học 093','Đ.N.Phong','D18-024','0912239696','TUANHOC42','NGAYHOC113','KIPHOC01'),('LICHHOC094','Lịch học 094','Đ.N.Phong','D18-024','0912239696','TUANHOC26','NGAYHOC006','KIPHOC01'),('LICHHOC095','Lịch học 095','Đ.N.Phong','D18-025','0912239696','TUANHOC34','NGAYHOC057','KIPHOC03'),('LICHHOC096','Lịch học 096','Đ.N.Phong','D18-025','0912239696','TUANHOC36','NGAYHOC071','KIPHOC03'),('LICHHOC097','Lịch học 097','Đ.N.Phong','D18-025','0912239696','TUANHOC37','NGAYHOC078','KIPHOC03'),('LICHHOC098','Lịch học 098','Đ.N.Phong','D18-025','0912239696','TUANHOC39','NGAYHOC092','KIPHOC03'),('LICHHOC099','Lịch học 099','Đ.N.Phong','D18-025','0912239696','TUANHOC40','NGAYHOC099','KIPHOC03'),('LICHHOC100','Lịch học 100','Đ.N.Phong','D18-025','0912239696','TUANHOC41','NGAYHOC106','KIPHOC03'),('LICHHOC101','Lịch học 101','Đ.N.Phong','D18-025','0912239696','TUANHOC42','NGAYHOC113','KIPHOC03'),('LICHHOC102','Lịch học 102','Đ.N.Phong','D18-025','0912239696','TUANHOC27','NGAYHOC008','KIPHOC02'),('LICHHOC103','Lịch học 103','Đ.N.Phong','D18-025','0912239696','TUANHOC28','NGAYHOC015','KIPHOC02'),('LICHHOC104','Lịch học 104','Đ.N.Phong','D18-025','0912239696','TUANHOC29','NGAYHOC022','KIPHOC02'),('LICHHOC105','Lịch học 105','Đ.N.Phong','D18-025','0912239696','TUANHOC30','NGAYHOC029','KIPHOC02'),('LICHHOC106','Lịch học 106','Đ.N.Phong','D18-025','0912239696','TUANHOC31','NGAYHOC036','KIPHOC02'),('LICHHOC107','Lịch học 107','Đ.N.Phong','D18-025','0912239696','TUANHOC32','NGAYHOC043','KIPHOC02'),('LICHHOC108','Lịch học 108','Đ.N.Phong','D18-025','0912239696','TUANHOC33','NGAYHOC050','KIPHOC02'),('LICHHOC109','Lịch học 109','Đ.N.Phong','D18-025','0912239696','TUANHOC34','NGAYHOC057','KIPHOC02'),('LICHHOC110','Lịch học 110','Đ.N.Phong','D18-025','0912239696','TUANHOC36','NGAYHOC071','KIPHOC02'),('LICHHOC111','Lịch học 111','Đ.N.Phong','D18-025','0912239696','TUANHOC37','NGAYHOC078','KIPHOC02'),('LICHHOC112','Lịch học 112','Đ.N.Phong','D18-025','0912239696','TUANHOC39','NGAYHOC092','KIPHOC02'),('LICHHOC113','Lịch học 113','Đ.N.Phong','D18-025','0912239696','TUANHOC40','NGAYHOC099','KIPHOC02'),('LICHHOC114','Lịch học 114','Đ.N.Phong','D18-025','0912239696','TUANHOC41','NGAYHOC106','KIPHOC02'),('LICHHOC115','Lịch học 115','Đ.N.Phong','D18-025','0912239696','TUANHOC42','NGAYHOC113','KIPHOC02'),('LICHHOC116','Lịch học 116','Đ.N.Phong','D18-025','0912239696','TUANHOC26','NGAYHOC006','KIPHOC02'),('LICHHOC117','Lịch học 117','T.Đ.Quế','D18-036','1116189','TUANHOC26','NGAYHOC002','KIPHOC04'),('LICHHOC118','Lịch học 118','T.Đ.Quế','D18-036','1116189','TUANHOC27','NGAYHOC009','KIPHOC04'),('LICHHOC119','Lịch học 119','T.Đ.Quế','D18-036','1116189','TUANHOC28','NGAYHOC016','KIPHOC04'),('LICHHOC120','Lịch học 120','T.Đ.Quế','D18-036','1116189','TUANHOC29','NGAYHOC023','KIPHOC04'),('LICHHOC121','Lịch học 121','T.Đ.Quế','D18-036','1116189','TUANHOC30','NGAYHOC030','KIPHOC04'),('LICHHOC122','Lịch học 122','T.Đ.Quế','D18-036','1116189','TUANHOC31','NGAYHOC037','KIPHOC04'),('LICHHOC123','Lịch học 123','T.Đ.Quế','D18-036','1116189','TUANHOC32','NGAYHOC044','KIPHOC04'),('LICHHOC124','Lịch học 124','T.Đ.Quế','D18-036','1116189','TUANHOC33','NGAYHOC051','KIPHOC04'),('LICHHOC125','Lịch học 125','T.Đ.Quế','D18-036','1116189','TUANHOC34','NGAYHOC058','KIPHOC04'),('LICHHOC126','Lịch học 126','T.Đ.Quế','D18-036','1116189','TUANHOC35','NGAYHOC065','KIPHOC04'),('LICHHOC127','Lịch học 127','T.Đ.Quế','D18-036','1116189','TUANHOC36','NGAYHOC072','KIPHOC04'),('LICHHOC128','Lịch học 128','T.Đ.Quế','D18-036','1116189','TUANHOC37','NGAYHOC079','KIPHOC04'),('LICHHOC129','Lịch học 129','T.Đ.Quế','D18-036','1116189','TUANHOC39','NGAYHOC093','KIPHOC04'),('LICHHOC130','Lịch học 130','T.Đ.Quế','D18-036','1116189','TUANHOC40','NGAYHOC100','KIPHOC04'),('LICHHOC131','Lịch học 131','T.Đ.Quế','D18-036','1116189','TUANHOC41','NGAYHOC107','KIPHOC04'),('LICHHOC132','Lịch học 132','T.Đ.Quế','D18-036','1116189','TUANHOC26','NGAYHOC002','KIPHOC06'),('LICHHOC133','Lịch học 133','T.Đ.Quế','D18-036','1116189','TUANHOC27','NGAYHOC009','KIPHOC06'),('LICHHOC134','Lịch học 134','T.Đ.Quế','D18-036','1116189','TUANHOC28','NGAYHOC016','KIPHOC06'),('LICHHOC135','Lịch học 135','T.Đ.Quế','D18-036','1116189','TUANHOC29','NGAYHOC023','KIPHOC06'),('LICHHOC136','Lịch học 136','T.Đ.Quế','D18-036','1116189','TUANHOC30','NGAYHOC030','KIPHOC06'),('LICHHOC137','Lịch học 137','T.Đ.Quế','D18-036','1116189','TUANHOC31','NGAYHOC037','KIPHOC06'),('LICHHOC138','Lịch học 138','T.Đ.Quế','D18-036','1116189','TUANHOC32','NGAYHOC044','KIPHOC06'),('LICHHOC139','Lịch học 139','T.Đ.Quế','D18-037','1116189','TUANHOC26','NGAYHOC002','KIPHOC05'),('LICHHOC140','Lịch học 140','T.Đ.Quế','D18-037','1116189','TUANHOC27','NGAYHOC009','KIPHOC05'),('LICHHOC141','Lịch học 141','T.Đ.Quế','D18-037','1116189','TUANHOC28','NGAYHOC016','KIPHOC05'),('LICHHOC142','Lịch học 142','T.Đ.Quế','D18-037','1116189','TUANHOC29','NGAYHOC023','KIPHOC05'),('LICHHOC143','Lịch học 143','T.Đ.Quế','D18-037','1116189','TUANHOC30','NGAYHOC030','KIPHOC05'),('LICHHOC144','Lịch học 144','T.Đ.Quế','D18-037','1116189','TUANHOC31','NGAYHOC037','KIPHOC05'),('LICHHOC145','Lịch học 145','T.Đ.Quế','D18-037','1116189','TUANHOC32','NGAYHOC044','KIPHOC05'),('LICHHOC146','Lịch học 146','T.Đ.Quế','D18-037','1116189','TUANHOC33','NGAYHOC051','KIPHOC05'),('LICHHOC147','Lịch học 147','T.Đ.Quế','D18-037','1116189','TUANHOC34','NGAYHOC058','KIPHOC05'),('LICHHOC148','Lịch học 148','T.Đ.Quế','D18-037','1116189','TUANHOC35','NGAYHOC065','KIPHOC05'),('LICHHOC149','Lịch học 149','T.Đ.Quế','D18-037','1116189','TUANHOC36','NGAYHOC072','KIPHOC05'),('LICHHOC150','Lịch học 150','T.Đ.Quế','D18-037','1116189','TUANHOC37','NGAYHOC079','KIPHOC05'),('LICHHOC151','Lịch học 151','T.Đ.Quế','D18-037','1116189','TUANHOC39','NGAYHOC093','KIPHOC05'),('LICHHOC152','Lịch học 152','T.Đ.Quế','D18-037','1116189','TUANHOC40','NGAYHOC100','KIPHOC05'),('LICHHOC153','Lịch học 153','T.Đ.Quế','D18-037','1116189','TUANHOC41','NGAYHOC107','KIPHOC05'),('LICHHOC154','Lịch học 154','T.Đ.Quế','D18-037','1116189','TUANHOC34','NGAYHOC058','KIPHOC06'),('LICHHOC155','Lịch học 155','T.Đ.Quế','D18-037','1116189','TUANHOC35','NGAYHOC065','KIPHOC06'),('LICHHOC156','Lịch học 156','T.Đ.Quế','D18-037','1116189','TUANHOC36','NGAYHOC072','KIPHOC06'),('LICHHOC157','Lịch học 157','T.Đ.Quế','D18-037','1116189','TUANHOC37','NGAYHOC079','KIPHOC06'),('LICHHOC158','Lịch học 158','T.Đ.Quế','D18-037','1116189','TUANHOC39','NGAYHOC093','KIPHOC06'),('LICHHOC159','Lịch học 159','T.Đ.Quế','D18-037','1116189','TUANHOC40','NGAYHOC100','KIPHOC06'),('LICHHOC160','Lịch học 160','T.Đ.Quế','D18-037','1116189','TUANHOC41','NGAYHOC107','KIPHOC06'),('LICHHOC161','Lịch học 161','T.Đ.Quế','D18-038','1116189','TUANHOC26','NGAYHOC004','KIPHOC04'),('LICHHOC162','Lịch học 162','T.Đ.Quế','D18-038','1116189','TUANHOC27','NGAYHOC011','KIPHOC04'),('LICHHOC163','Lịch học 163','T.Đ.Quế','D18-038','1116189','TUANHOC28','NGAYHOC018','KIPHOC04'),('LICHHOC164','Lịch học 164','T.Đ.Quế','D18-038','1116189','TUANHOC29','NGAYHOC025','KIPHOC04'),('LICHHOC165','Lịch học 165','T.Đ.Quế','D18-038','1116189','TUANHOC30','NGAYHOC032','KIPHOC04'),('LICHHOC166','Lịch học 166','T.Đ.Quế','D18-038','1116189','TUANHOC31','NGAYHOC039','KIPHOC04'),('LICHHOC167','Lịch học 167','T.Đ.Quế','D18-038','1116189','TUANHOC32','NGAYHOC046','KIPHOC04'),('LICHHOC168','Lịch học 168','T.Đ.Quế','D18-038','1116189','TUANHOC33','NGAYHOC053','KIPHOC04'),('LICHHOC169','Lịch học 169','T.Đ.Quế','D18-038','1116189','TUANHOC34','NGAYHOC060','KIPHOC04'),('LICHHOC170','Lịch học 170','T.Đ.Quế','D18-038','1116189','TUANHOC35','NGAYHOC067','KIPHOC04'),('LICHHOC171','Lịch học 171','T.Đ.Quế','D18-038','1116189','TUANHOC36','NGAYHOC074','KIPHOC04'),('LICHHOC172','Lịch học 172','T.Đ.Quế','D18-038','1116189','TUANHOC37','NGAYHOC081','KIPHOC04'),('LICHHOC173','Lịch học 173','T.Đ.Quế','D18-038','1116189','TUANHOC38','NGAYHOC088','KIPHOC04'),('LICHHOC174','Lịch học 174','T.Đ.Quế','D18-038','1116189','TUANHOC39','NGAYHOC095','KIPHOC04'),('LICHHOC175','Lịch học 175','T.Đ.Quế','D18-038','1116189','TUANHOC40','NGAYHOC102','KIPHOC04'),('LICHHOC176','Lịch học 176','T.Đ.Quế','D18-038','1116189','TUANHOC26','NGAYHOC004','KIPHOC06'),('LICHHOC177','Lịch học 177','T.Đ.Quế','D18-038','1116189','TUANHOC27','NGAYHOC011','KIPHOC06'),('LICHHOC178','Lịch học 178','T.Đ.Quế','D18-038','1116189','TUANHOC28','NGAYHOC018','KIPHOC06'),('LICHHOC179','Lịch học 179','T.Đ.Quế','D18-038','1116189','TUANHOC29','NGAYHOC025','KIPHOC06'),('LICHHOC180','Lịch học 180','T.Đ.Quế','D18-038','1116189','TUANHOC30','NGAYHOC032','KIPHOC06'),('LICHHOC181','Lịch học 181','T.Đ.Quế','D18-038','1116189','TUANHOC31','NGAYHOC039','KIPHOC06'),('LICHHOC182','Lịch học 182','T.Đ.Quế','D18-038','1116189','TUANHOC32','NGAYHOC046','KIPHOC06'),('LICHHOC183','Lịch học 183','T.Đ.Quế','D18-039','1116189','TUANHOC26','NGAYHOC004','KIPHOC05'),('LICHHOC184','Lịch học 184','T.Đ.Quế','D18-039','1116189','TUANHOC27','NGAYHOC011','KIPHOC05'),('LICHHOC185','Lịch học 185','T.Đ.Quế','D18-039','1116189','TUANHOC28','NGAYHOC018','KIPHOC05'),('LICHHOC186','Lịch học 186','T.Đ.Quế','D18-039','1116189','TUANHOC29','NGAYHOC025','KIPHOC05'),('LICHHOC187','Lịch học 187','T.Đ.Quế','D18-039','1116189','TUANHOC30','NGAYHOC032','KIPHOC05'),('LICHHOC188','Lịch học 188','T.Đ.Quế','D18-039','1116189','TUANHOC31','NGAYHOC039','KIPHOC05'),('LICHHOC189','Lịch học 189','T.Đ.Quế','D18-039','1116189','TUANHOC32','NGAYHOC046','KIPHOC05'),('LICHHOC190','Lịch học 190','T.Đ.Quế','D18-039','1116189','TUANHOC33','NGAYHOC053','KIPHOC05'),('LICHHOC191','Lịch học 191','T.Đ.Quế','D18-039','1116189','TUANHOC34','NGAYHOC060','KIPHOC05'),('LICHHOC192','Lịch học 192','T.Đ.Quế','D18-039','1116189','TUANHOC35','NGAYHOC067','KIPHOC05'),('LICHHOC193','Lịch học 193','T.Đ.Quế','D18-039','1116189','TUANHOC36','NGAYHOC074','KIPHOC05'),('LICHHOC194','Lịch học 194','T.Đ.Quế','D18-039','1116189','TUANHOC37','NGAYHOC081','KIPHOC05'),('LICHHOC195','Lịch học 195','T.Đ.Quế','D18-039','1116189','TUANHOC38','NGAYHOC088','KIPHOC05'),('LICHHOC196','Lịch học 196','T.Đ.Quế','D18-039','1116189','TUANHOC39','NGAYHOC095','KIPHOC05'),('LICHHOC197','Lịch học 197','T.Đ.Quế','D18-039','1116189','TUANHOC40','NGAYHOC102','KIPHOC05'),('LICHHOC198','Lịch học 198','T.Đ.Quế','D18-039','1116189','TUANHOC34','NGAYHOC060','KIPHOC06'),('LICHHOC199','Lịch học 199','T.Đ.Quế','D18-039','1116189','TUANHOC35','NGAYHOC067','KIPHOC06'),('LICHHOC200','Lịch học 200','T.Đ.Quế','D18-039','1116189','TUANHOC36','NGAYHOC074','KIPHOC06'),('LICHHOC201','Lịch học 201','T.Đ.Quế','D18-039','1116189','TUANHOC37','NGAYHOC081','KIPHOC06'),('LICHHOC202','Lịch học 202','T.Đ.Quế','D18-039','1116189','TUANHOC38','NGAYHOC088','KIPHOC06'),('LICHHOC203','Lịch học 203','T.Đ.Quế','D18-039','1116189','TUANHOC39','NGAYHOC095','KIPHOC06'),('LICHHOC204','Lịch học 207','T.Đ.Quế','D18-039','1116189','TUANHOC40','NGAYHOC102','KIPHOC06'),('LICHHOC205','Lịch học 205','N.T.Khánh','D18-051','1109606','TUANHOC26','NGAYHOC004','KIPHOC04'),('LICHHOC206','Lịch học 206','N.T.Khánh','D18-051','1109606','TUANHOC27','NGAYHOC011','KIPHOC04'),('LICHHOC207','Lịch học 207','N.T.Khánh','D18-051','1109606','TUANHOC28','NGAYHOC018','KIPHOC04'),('LICHHOC208','Lịch học 208','N.T.Khánh','D18-051','1109606','TUANHOC29','NGAYHOC025','KIPHOC04'),('LICHHOC209','Lịch học 209','N.T.Khánh','D18-051','1109606','TUANHOC30','NGAYHOC032','KIPHOC04'),('LICHHOC210','Lịch học 210','N.T.Khánh','D18-051','1109606','TUANHOC31','NGAYHOC039','KIPHOC04'),('LICHHOC211','Lịch học 211','N.T.Khánh','D18-051','1109606','TUANHOC32','NGAYHOC046','KIPHOC04'),('LICHHOC212','Lịch học 212','N.T.Khánh','D18-051','1109606','TUANHOC33','NGAYHOC053','KIPHOC04'),('LICHHOC213','Lịch học 213','N.T.Khánh','D18-051','1109606','TUANHOC34','NGAYHOC060','KIPHOC04'),('LICHHOC214','Lịch học 214','N.T.Khánh','D18-051','1109606','TUANHOC35','NGAYHOC067','KIPHOC04'),('LICHHOC215','Lịch học 215','N.T.Khánh','D18-051','1109606','TUANHOC36','NGAYHOC074','KIPHOC04'),('LICHHOC216','Lịch học 216','N.T.Khánh','D18-051','1109606','TUANHOC37','NGAYHOC081','KIPHOC04'),('LICHHOC217','Lịch học 217','N.T.Khánh','D18-051','1109606','TUANHOC38','NGAYHOC088','KIPHOC04'),('LICHHOC218','Lịch học 218','N.T.Khánh','D18-051','1109606','TUANHOC39','NGAYHOC095','KIPHOC04'),('LICHHOC219','Lịch học 219','N.T.Khánh','D18-051','1109606','TUANHOC40','NGAYHOC102','KIPHOC04'),('LICHHOC220','Lịch học 220','N.T.Khánh','D18-051','1109606','TUANHOC26','NGAYHOC004','KIPHOC06'),('LICHHOC221','Lịch học 221','N.T.Khánh','D18-051','1109606','TUANHOC27','NGAYHOC011','KIPHOC06'),('LICHHOC222','Lịch học 222','N.T.Khánh','D18-051','1109606','TUANHOC28','NGAYHOC018','KIPHOC06'),('LICHHOC223','Lịch học 223','N.T.Khánh','D18-051','1109606','TUANHOC29','NGAYHOC025','KIPHOC06'),('LICHHOC224','Lịch học 224','N.T.Khánh','D18-051','1109606','TUANHOC30','NGAYHOC032','KIPHOC06'),('LICHHOC225','Lịch học 225','N.T.Khánh','D18-051','1109606','TUANHOC31','NGAYHOC039','KIPHOC06'),('LICHHOC226','Lịch học 226','N.T.Khánh','D18-051','1109606','TUANHOC32','NGAYHOC046','KIPHOC06'),('LICHHOC227','Lịch học 227','N.T.Khánh','D18-052','1109606','TUANHOC26','NGAYHOC004','KIPHOC05'),('LICHHOC228','Lịch học 228','N.T.Khánh','D18-052','1109606','TUANHOC27','NGAYHOC011','KIPHOC05'),('LICHHOC229','Lịch học 229','N.T.Khánh','D18-052','1109606','TUANHOC28','NGAYHOC018','KIPHOC05'),('LICHHOC230','Lịch học 230','N.T.Khánh','D18-052','1109606','TUANHOC29','NGAYHOC025','KIPHOC05'),('LICHHOC231','Lịch học 231','N.T.Khánh','D18-052','1109606','TUANHOC30','NGAYHOC032','KIPHOC05'),('LICHHOC232','Lịch học 232','N.T.Khánh','D18-052','1109606','TUANHOC31','NGAYHOC039','KIPHOC05'),('LICHHOC233','Lịch học 233','N.T.Khánh','D18-052','1109606','TUANHOC32','NGAYHOC046','KIPHOC05'),('LICHHOC234','Lịch học 234','N.T.Khánh','D18-052','1109606','TUANHOC33','NGAYHOC053','KIPHOC05'),('LICHHOC235','Lịch học 235','N.T.Khánh','D18-052','1109606','TUANHOC34','NGAYHOC060','KIPHOC05'),('LICHHOC236','Lịch học 236','N.T.Khánh','D18-052','1109606','TUANHOC35','NGAYHOC067','KIPHOC05'),('LICHHOC237','Lịch học 237','N.T.Khánh','D18-052','1109606','TUANHOC36','NGAYHOC074','KIPHOC05'),('LICHHOC238','Lịch học 238','N.T.Khánh','D18-052','1109606','TUANHOC37','NGAYHOC081','KIPHOC05'),('LICHHOC239','Lịch học 239','N.T.Khánh','D18-052','1109606','TUANHOC38','NGAYHOC088','KIPHOC05'),('LICHHOC240','Lịch học 240','N.T.Khánh','D18-052','1109606','TUANHOC39','NGAYHOC095','KIPHOC05'),('LICHHOC241','Lịch học 241','N.T.Khánh','D18-052','1109606','TUANHOC40','NGAYHOC102','KIPHOC05'),('LICHHOC242','Lịch học 242','N.T.Khánh','D18-052','1109606','TUANHOC34','NGAYHOC060','KIPHOC06'),('LICHHOC243','Lịch học 243','N.T.Khánh','D18-052','1109606','TUANHOC35','NGAYHOC067','KIPHOC06'),('LICHHOC244','Lịch học 244','N.T.Khánh','D18-052','1109606','TUANHOC36','NGAYHOC074','KIPHOC06'),('LICHHOC245','Lịch học 245','N.T.Khánh','D18-052','1109606','TUANHOC37','NGAYHOC081','KIPHOC06'),('LICHHOC246','Lịch học 246','N.T.Khánh','D18-052','1109606','TUANHOC38','NGAYHOC088','KIPHOC06'),('LICHHOC247','Lịch học 247','N.T.Khánh','D18-052','1109606','TUANHOC39','NGAYHOC095','KIPHOC06'),('LICHHOC248','Lịch học 248','N.T.Khánh','D18-052','1109606','TUANHOC40','NGAYHOC102','KIPHOC06'),('LICHHOC249','Lịch học 249','Đ.N.Hùng','D18-053','70169','TUANHOC26','NGAYHOC005','KIPHOC01'),('LICHHOC250','Lịch học 250','Đ.N.Hùng','D18-053','70169','TUANHOC27','NGAYHOC012','KIPHOC01'),('LICHHOC251','Lịch học 251','Đ.N.Hùng','D18-053','70169','TUANHOC28','NGAYHOC019','KIPHOC01'),('LICHHOC252','Lịch học 252','Đ.N.Hùng','D18-053','70169','TUANHOC29','NGAYHOC026','KIPHOC01'),('LICHHOC253','Lịch học 253','Đ.N.Hùng','D18-053','70169','TUANHOC30','NGAYHOC033','KIPHOC01'),('LICHHOC254','Lịch học 254','Đ.N.Hùng','D18-053','70169','TUANHOC31','NGAYHOC040','KIPHOC01'),('LICHHOC255','Lịch học 255','Đ.N.Hùng','D18-053','70169','TUANHOC32','NGAYHOC047','KIPHOC01'),('LICHHOC256','Lịch học 256','Đ.N.Hùng','D18-053','70169','TUANHOC33','NGAYHOC054','KIPHOC01'),('LICHHOC257','Lịch học 257','Đ.N.Hùng','D18-053','70169','TUANHOC34','NGAYHOC061','KIPHOC01'),('LICHHOC258','Lịch học 258','Đ.N.Hùng','D18-053','70169','TUANHOC35','NGAYHOC068','KIPHOC01'),('LICHHOC259','Lịch học 259','Đ.N.Hùng','D18-053','70169','TUANHOC36','NGAYHOC075','KIPHOC01'),('LICHHOC260','Lịch học 260','Đ.N.Hùng','D18-053','70169','TUANHOC37','NGAYHOC082','KIPHOC01'),('LICHHOC261','Lịch học 261','Đ.N.Hùng','D18-053','70169','TUANHOC38','NGAYHOC089','KIPHOC01'),('LICHHOC262','Lịch học 262','Đ.N.Hùng','D18-053','70169','TUANHOC39','NGAYHOC096','KIPHOC01'),('LICHHOC263','Lịch học 263','Đ.N.Hùng','D18-053','70169','TUANHOC40','NGAYHOC103','KIPHOC01'),('LICHHOC264','Lịch học 264','Đ.N.Hùng','D18-053','70169','TUANHOC26','NGAYHOC005','KIPHOC03'),('LICHHOC265','Lịch học 265','Đ.N.Hùng','D18-053','70169','TUANHOC27','NGAYHOC012','KIPHOC03'),('LICHHOC266','Lịch học 266','Đ.N.Hùng','D18-053','70169','TUANHOC28','NGAYHOC019','KIPHOC03'),('LICHHOC267','Lịch học 267','Đ.N.Hùng','D18-053','70169','TUANHOC29','NGAYHOC026','KIPHOC03'),('LICHHOC268','Lịch học 268','Đ.N.Hùng','D18-053','70169','TUANHOC30','NGAYHOC033','KIPHOC03'),('LICHHOC269','Lịch học 269','Đ.N.Hùng','D18-053','70169','TUANHOC31','NGAYHOC040','KIPHOC03'),('LICHHOC270','Lịch học 270','Đ.N.Hùng','D18-053','70169','TUANHOC32','NGAYHOC047','KIPHOC03'),('LICHHOC271','Lịch học 271','Đ.N.Hùng','D18-054','70169','TUANHOC26','NGAYHOC005','KIPHOC02'),('LICHHOC272','Lịch học 272','Đ.N.Hùng','D18-054','70169','TUANHOC27','NGAYHOC012','KIPHOC02'),('LICHHOC273','Lịch học 273','Đ.N.Hùng','D18-054','70169','TUANHOC28','NGAYHOC019','KIPHOC02'),('LICHHOC274','Lịch học 274','Đ.N.Hùng','D18-054','70169','TUANHOC29','NGAYHOC026','KIPHOC02'),('LICHHOC275','Lịch học 275','Đ.N.Hùng','D18-054','70169','TUANHOC30','NGAYHOC033','KIPHOC02'),('LICHHOC276','Lịch học 276','Đ.N.Hùng','D18-054','70169','TUANHOC31','NGAYHOC040','KIPHOC02'),('LICHHOC277','Lịch học 277','Đ.N.Hùng','D18-054','70169','TUANHOC32','NGAYHOC047','KIPHOC02'),('LICHHOC278','Lịch học 278','Đ.N.Hùng','D18-054','70169','TUANHOC33','NGAYHOC054','KIPHOC02'),('LICHHOC279','Lịch học 279','Đ.N.Hùng','D18-054','70169','TUANHOC34','NGAYHOC061','KIPHOC02'),('LICHHOC280','Lịch học 280','Đ.N.Hùng','D18-054','70169','TUANHOC35','NGAYHOC068','KIPHOC02'),('LICHHOC281','Lịch học 281','Đ.N.Hùng','D18-054','70169','TUANHOC36','NGAYHOC075','KIPHOC02'),('LICHHOC282','Lịch học 282','Đ.N.Hùng','D18-054','70169','TUANHOC37','NGAYHOC082','KIPHOC02'),('LICHHOC283','Lịch học 283','Đ.N.Hùng','D18-054','70169','TUANHOC38','NGAYHOC089','KIPHOC02'),('LICHHOC284','Lịch học 284','Đ.N.Hùng','D18-054','70169','TUANHOC39','NGAYHOC096','KIPHOC02'),('LICHHOC285','Lịch học 285','Đ.N.Hùng','D18-054','70169','TUANHOC40','NGAYHOC103','KIPHOC02'),('LICHHOC286','Lịch học 286','Đ.N.Hùng','D18-054','70169','TUANHOC34','NGAYHOC061','KIPHOC03'),('LICHHOC287','Lịch học 287','Đ.N.Hùng','D18-054','70169','TUANHOC35','NGAYHOC068','KIPHOC03'),('LICHHOC288','Lịch học 288','Đ.N.Hùng','D18-054','70169','TUANHOC36','NGAYHOC075','KIPHOC03'),('LICHHOC289','Lịch học 289','Đ.N.Hùng','D18-054','70169','TUANHOC37','NGAYHOC082','KIPHOC03'),('LICHHOC290','Lịch học 290','Đ.N.Hùng','D18-054','70169','TUANHOC38','NGAYHOC089','KIPHOC03'),('LICHHOC291','Lịch học 291','Đ.N.Hùng','D18-054','70169','TUANHOC39','NGAYHOC096','KIPHOC03'),('LICHHOC292','Lịch học 292','Đ.N.Hùng','D18-054','70169','TUANHOC40','NGAYHOC103','KIPHOC03'),('LICHHOC293','Lịch học 293','T.T.V.Anh','D18-055','1120125','TUANHOC26','NGAYHOC006','KIPHOC04'),('LICHHOC294','Lịch học 294','T.T.V.Anh','D18-055','1120125','TUANHOC27','NGAYHOC008','KIPHOC04'),('LICHHOC295','Lịch học 295','T.T.V.Anh','D18-055','1120125','TUANHOC28','NGAYHOC015','KIPHOC04'),('LICHHOC296','Lịch học 296','T.T.V.Anh','D18-055','1120125','TUANHOC29','NGAYHOC022','KIPHOC04'),('LICHHOC297','Lịch học 297','T.T.V.Anh','D18-055','1120125','TUANHOC30','NGAYHOC029','KIPHOC04'),('LICHHOC298','Lịch học 298','T.T.V.Anh','D18-055','1120125','TUANHOC31','NGAYHOC036','KIPHOC04'),('LICHHOC299','Lịch học 299','T.T.V.Anh','D18-055','1120125','TUANHOC32','NGAYHOC043','KIPHOC04'),('LICHHOC300','Lịch học 300','T.T.V.Anh','D18-055','1120125','TUANHOC33','NGAYHOC050','KIPHOC04'),('LICHHOC301','Lịch học 301','T.T.V.Anh','D18-055','1120125','TUANHOC34','NGAYHOC057','KIPHOC04'),('LICHHOC302','Lịch học 302','T.T.V.Anh','D18-055','1120125','TUANHOC36','NGAYHOC071','KIPHOC04'),('LICHHOC303','Lịch học 303','T.T.V.Anh','D18-055','1120125','TUANHOC37','NGAYHOC078','KIPHOC04'),('LICHHOC304','Lịch học 304','T.T.V.Anh','D18-055','1120125','TUANHOC39','NGAYHOC092','KIPHOC04'),('LICHHOC305','Lịch học 305','T.T.V.Anh','D18-055','1120125','TUANHOC40','NGAYHOC099','KIPHOC04'),('LICHHOC306','Lịch học 306','T.T.V.Anh','D18-055','1120125','TUANHOC41','NGAYHOC106','KIPHOC04'),('LICHHOC307','Lịch học 307','T.T.V.Anh','D18-055','1120125','TUANHOC26','NGAYHOC006','KIPHOC06'),('LICHHOC308','Lịch học 308','T.T.V.Anh','D18-055','1120125','TUANHOC27','NGAYHOC008','KIPHOC06'),('LICHHOC309','Lịch học 309','T.T.V.Anh','D18-055','1120125','TUANHOC28','NGAYHOC015','KIPHOC06'),('LICHHOC310','Lịch học 310','T.T.V.Anh','D18-055','1120125','TUANHOC29','NGAYHOC022','KIPHOC06'),('LICHHOC311','Lịch học 311','T.T.V.Anh','D18-055','1120125','TUANHOC30','NGAYHOC029','KIPHOC06'),('LICHHOC312','Lịch học 312','T.T.V.Anh','D18-056','1120125','TUANHOC26','NGAYHOC006','KIPHOC05'),('LICHHOC313','Lịch học 313','T.T.V.Anh','D18-056','1120125','TUANHOC27','NGAYHOC008','KIPHOC05'),('LICHHOC314','Lịch học 314','T.T.V.Anh','D18-056','1120125','TUANHOC28','NGAYHOC015','KIPHOC05'),('LICHHOC315','Lịch học 315','T.T.V.Anh','D18-056','1120125','TUANHOC29','NGAYHOC022','KIPHOC05'),('LICHHOC316','Lịch học 316','T.T.V.Anh','D18-056','1120125','TUANHOC30','NGAYHOC029','KIPHOC05'),('LICHHOC317','Lịch học 317','T.T.V.Anh','D18-056','1120125','TUANHOC31','NGAYHOC036','KIPHOC05'),('LICHHOC318','Lịch học 318','T.T.V.Anh','D18-056','1120125','TUANHOC32','NGAYHOC043','KIPHOC05'),('LICHHOC319','Lịch học 319','T.T.V.Anh','D18-056','1120125','TUANHOC33','NGAYHOC050','KIPHOC05'),('LICHHOC320','Lịch học 320','T.T.V.Anh','D18-056','1120125','TUANHOC34','NGAYHOC057','KIPHOC05'),('LICHHOC321','Lịch học 321','T.T.V.Anh','D18-056','1120125','TUANHOC36','NGAYHOC071','KIPHOC05'),('LICHHOC322','Lịch học 322','T.T.V.Anh','D18-056','1120125','TUANHOC37','NGAYHOC078','KIPHOC05'),('LICHHOC323','Lịch học 323','T.T.V.Anh','D18-056','1120125','TUANHOC39','NGAYHOC092','KIPHOC05'),('LICHHOC324','Lịch học 324','T.T.V.Anh','D18-056','1120125','TUANHOC40','NGAYHOC099','KIPHOC05'),('LICHHOC325','Lịch học 325','T.T.V.Anh','D18-056','1120125','TUANHOC41','NGAYHOC106','KIPHOC05'),('LICHHOC326','Lịch học 326','T.T.V.Anh','D18-056','1120125','TUANHOC34','NGAYHOC057','KIPHOC06'),('LICHHOC327','Lịch học 327','T.T.V.Anh','D18-056','1120125','TUANHOC36','NGAYHOC071','KIPHOC06'),('LICHHOC328','Lịch học 328','T.T.V.Anh','D18-056','1120125','TUANHOC37','NGAYHOC078','KIPHOC06'),('LICHHOC329','Lịch học 329','T.T.V.Anh','D18-056','1120125','TUANHOC39','NGAYHOC092','KIPHOC06'),('LICHHOC330','Lịch học 330','T.T.V.Anh','D18-056','1120125','TUANHOC40','NGAYHOC099','KIPHOC06'),('LICHHOC381','Lịch học 381','T.T.V.Anh','D18-057','1120125','TUANHOC26','NGAYHOC003','KIPHOC04'),('LICHHOC382','Lịch học 382','T.T.V.Anh','D18-057','1120125','TUANHOC27','NGAYHOC010','KIPHOC04'),('LICHHOC383','Lịch học 383','T.T.V.Anh','D18-057','1120125','TUANHOC28','NGAYHOC017','KIPHOC04'),('LICHHOC384','Lịch học 384','T.T.V.Anh','D18-057','1120125','TUANHOC29','NGAYHOC024','KIPHOC04'),('LICHHOC385','Lịch học 385','T.T.V.Anh','D18-057','1120125','TUANHOC30','NGAYHOC031','KIPHOC04'),('LICHHOC386','Lịch học 386','T.T.V.Anh','D18-057','1120125','TUANHOC31','NGAYHOC038','KIPHOC04'),('LICHHOC387','Lịch học 387','T.T.V.Anh','D18-057','1120125','TUANHOC32','NGAYHOC045','KIPHOC04'),('LICHHOC388','Lịch học 388','T.T.V.Anh','D18-057','1120125','TUANHOC33','NGAYHOC052','KIPHOC04'),('LICHHOC389','Lịch học 389','T.T.V.Anh','D18-057','1120125','TUANHOC34','NGAYHOC059','KIPHOC04'),('LICHHOC390','Lịch học 390','T.T.V.Anh','D18-057','1120125','TUANHOC35','NGAYHOC066','KIPHOC04'),('LICHHOC391','Lịch học 391','T.T.V.Anh','D18-057','1120125','TUANHOC36','NGAYHOC073','KIPHOC04'),('LICHHOC392','Lịch học 392','T.T.V.Anh','D18-057','1120125','TUANHOC37','NGAYHOC080','KIPHOC04'),('LICHHOC393','Lịch học 393','T.T.V.Anh','D18-057','1120125','TUANHOC38','NGAYHOC087','KIPHOC04'),('LICHHOC394','Lịch học 394','T.T.V.Anh','D18-057','1120125','TUANHOC39','NGAYHOC094','KIPHOC04'),('LICHHOC395','Lịch học 395','T.T.V.Anh','D18-057','1120125','TUANHOC40','NGAYHOC101','KIPHOC04'),('LICHHOC396','Lịch học 396','T.T.V.Anh','D18-057','1120125','TUANHOC26','NGAYHOC003','KIPHOC06'),('LICHHOC397','Lịch học 397','T.T.V.Anh','D18-057','1120125','TUANHOC27','NGAYHOC010','KIPHOC06'),('LICHHOC398','Lịch học 398','T.T.V.Anh','D18-057','1120125','TUANHOC28','NGAYHOC017','KIPHOC06'),('LICHHOC399','Lịch học 399','T.T.V.Anh','D18-057','1120125','TUANHOC29','NGAYHOC024','KIPHOC06'),('LICHHOC400','Lịch học 400','T.T.V.Anh','D18-058','1120125','TUANHOC26','NGAYHOC003','KIPHOC05'),('LICHHOC401','Lịch học 401','T.T.V.Anh','D18-058','1120125','TUANHOC27','NGAYHOC010','KIPHOC05'),('LICHHOC402','Lịch học 402','T.T.V.Anh','D18-058','1120125','TUANHOC28','NGAYHOC017','KIPHOC05'),('LICHHOC403','Lịch học 403','T.T.V.Anh','D18-058','1120125','TUANHOC29','NGAYHOC024','KIPHOC05'),('LICHHOC404','Lịch học 404','T.T.V.Anh','D18-058','1120125','TUANHOC30','NGAYHOC031','KIPHOC05'),('LICHHOC405','Lịch học 405','T.T.V.Anh','D18-058','1120125','TUANHOC31','NGAYHOC038','KIPHOC05'),('LICHHOC406','Lịch học 406','T.T.V.Anh','D18-058','1120125','TUANHOC32','NGAYHOC045','KIPHOC05'),('LICHHOC407','Lịch học 407','T.T.V.Anh','D18-058','1120125','TUANHOC33','NGAYHOC052','KIPHOC05'),('LICHHOC408','Lịch học 408','T.T.V.Anh','D18-058','1120125','TUANHOC34','NGAYHOC059','KIPHOC05'),('LICHHOC409','Lịch học 409','T.T.V.Anh','D18-058','1120125','TUANHOC35','NGAYHOC066','KIPHOC05'),('LICHHOC410','Lịch học 410','T.T.V.Anh','D18-058','1120125','TUANHOC36','NGAYHOC073','KIPHOC05'),('LICHHOC411','Lịch học 411','T.T.V.Anh','D18-058','1120125','TUANHOC37','NGAYHOC080','KIPHOC05'),('LICHHOC412','Lịch học 412','T.T.V.Anh','D18-058','1120125','TUANHOC38','NGAYHOC087','KIPHOC05'),('LICHHOC413','Lịch học 413','T.T.V.Anh','D18-058','1120125','TUANHOC39','NGAYHOC094','KIPHOC05'),('LICHHOC414','Lịch học 414','T.T.V.Anh','D18-058','1120125','TUANHOC40','NGAYHOC101','KIPHOC05'),('LICHHOC415','Lịch học 415','T.T.V.Anh','D18-058','1120125','TUANHOC34','NGAYHOC059','KIPHOC06'),('LICHHOC416','Lịch học 416','T.T.V.Anh','D18-058','1120125','TUANHOC35','NGAYHOC066','KIPHOC06'),('LICHHOC417','Lịch học 417','T.T.V.Anh','D18-058','1120125','TUANHOC36','NGAYHOC073','KIPHOC06'),('LICHHOC418','Lịch học 418','T.T.V.Anh','D18-058','1120125','TUANHOC37','NGAYHOC080','KIPHOC06'),('LICHHOC469','Lịch học 469','N.H.Anh','D18-059','1109355','TUANHOC26','NGAYHOC004','KIPHOC01'),('LICHHOC470','Lịch học 470','N.H.Anh','D18-059','1109355','TUANHOC27','NGAYHOC011','KIPHOC01'),('LICHHOC471','Lịch học 471','N.H.Anh','D18-059','1109355','TUANHOC28','NGAYHOC018','KIPHOC01'),('LICHHOC472','Lịch học 472','N.H.Anh','D18-059','1109355','TUANHOC29','NGAYHOC025','KIPHOC01'),('LICHHOC473','Lịch học 473','N.H.Anh','D18-059','1109355','TUANHOC30','NGAYHOC032','KIPHOC01'),('LICHHOC474','Lịch học 474','N.H.Anh','D18-059','1109355','TUANHOC31','NGAYHOC039','KIPHOC01'),('LICHHOC475','Lịch học 475','N.H.Anh','D18-059','1109355','TUANHOC32','NGAYHOC046','KIPHOC01'),('LICHHOC476','Lịch học 476','N.H.Anh','D18-059','1109355','TUANHOC33','NGAYHOC053','KIPHOC01'),('LICHHOC477','Lịch học 477','N.H.Anh','D18-059','1109355','TUANHOC34','NGAYHOC060','KIPHOC01'),('LICHHOC478','Lịch học 478','N.H.Anh','D18-059','1109355','TUANHOC35','NGAYHOC067','KIPHOC01'),('LICHHOC479','Lịch học 479','N.H.Anh','D18-059','1109355','TUANHOC36','NGAYHOC074','KIPHOC01'),('LICHHOC480','Lịch học 480','N.H.Anh','D18-059','1109355','TUANHOC37','NGAYHOC081','KIPHOC01'),('LICHHOC481','Lịch học 481','N.H.Anh','D18-059','1109355','TUANHOC38','NGAYHOC088','KIPHOC01'),('LICHHOC482','Lịch học 482','N.H.Anh','D18-059','1109355','TUANHOC39','NGAYHOC095','KIPHOC01'),('LICHHOC483','Lịch học 483','N.H.Anh','D18-059','1109355','TUANHOC40','NGAYHOC102','KIPHOC01'),('LICHHOC484','Lịch học 484','N.H.Anh','D18-059','1109355','TUANHOC26','NGAYHOC004','KIPHOC03'),('LICHHOC485','Lịch học 485','N.H.Anh','D18-059','1109355','TUANHOC27','NGAYHOC011','KIPHOC03'),('LICHHOC486','Lịch học 486','N.H.Anh','D18-059','1109355','TUANHOC28','NGAYHOC018','KIPHOC03'),('LICHHOC487','Lịch học 487','N.H.Anh','D18-059','1109355','TUANHOC29','NGAYHOC025','KIPHOC03'),('LICHHOC488','Lịch học 488','N.H.Anh','D18-060','1109355','TUANHOC26','NGAYHOC004','KIPHOC02'),('LICHHOC489','Lịch học 489','N.H.Anh','D18-060','1109355','TUANHOC27','NGAYHOC011','KIPHOC02'),('LICHHOC490','Lịch học 490','N.H.Anh','D18-060','1109355','TUANHOC28','NGAYHOC018','KIPHOC02'),('LICHHOC491','Lịch học 491','N.H.Anh','D18-060','1109355','TUANHOC29','NGAYHOC025','KIPHOC02'),('LICHHOC492','Lịch học 492','N.H.Anh','D18-060','1109355','TUANHOC30','NGAYHOC032','KIPHOC02'),('LICHHOC493','Lịch học 493','N.H.Anh','D18-060','1109355','TUANHOC31','NGAYHOC039','KIPHOC02'),('LICHHOC494','Lịch học 494','N.H.Anh','D18-060','1109355','TUANHOC32','NGAYHOC046','KIPHOC02'),('LICHHOC495','Lịch học 495','N.H.Anh','D18-060','1109355','TUANHOC33','NGAYHOC053','KIPHOC02'),('LICHHOC496','Lịch học 496','N.H.Anh','D18-060','1109355','TUANHOC34','NGAYHOC060','KIPHOC02'),('LICHHOC497','Lịch học 497','N.H.Anh','D18-060','1109355','TUANHOC35','NGAYHOC067','KIPHOC02'),('LICHHOC498','Lịch học 498','N.H.Anh','D18-060','1109355','TUANHOC36','NGAYHOC074','KIPHOC02'),('LICHHOC499','Lịch học 499','N.H.Anh','D18-060','1109355','TUANHOC37','NGAYHOC081','KIPHOC02'),('LICHHOC500','Lịch học 500','N.H.Anh','D18-060','1109355','TUANHOC38','NGAYHOC088','KIPHOC02'),('LICHHOC501','Lịch học 501','N.H.Anh','D18-060','1109355','TUANHOC39','NGAYHOC095','KIPHOC02'),('LICHHOC502','Lịch học 502','N.H.Anh','D18-060','1109355','TUANHOC40','NGAYHOC102','KIPHOC02'),('LICHHOC503','Lịch học 503','N.H.Anh','D18-060','1109355','TUANHOC34','NGAYHOC060','KIPHOC03'),('LICHHOC504','Lịch học 504','N.H.Anh','D18-060','1109355','TUANHOC35','NGAYHOC067','KIPHOC03'),('LICHHOC505','Lịch học 505','N.H.Anh','D18-060','1109355','TUANHOC36','NGAYHOC074','KIPHOC03'),('LICHHOC506','Lịch học 506','N.H.Anh','D18-060','1109355','TUANHOC37','NGAYHOC081','KIPHOC03'),('LICHHOC557','Lịch học 557','T.T.V.Anh','D18-061','1120125','TUANHOC26','NGAYHOC005','KIPHOC04'),('LICHHOC558','Lịch học 558','T.T.V.Anh','D18-061','1120125','TUANHOC27','NGAYHOC012','KIPHOC04'),('LICHHOC559','Lịch học 559','T.T.V.Anh','D18-061','1120125','TUANHOC28','NGAYHOC019','KIPHOC04'),('LICHHOC560','Lịch học 560','T.T.V.Anh','D18-061','1120125','TUANHOC29','NGAYHOC026','KIPHOC04'),('LICHHOC561','Lịch học 561','T.T.V.Anh','D18-061','1120125','TUANHOC30','NGAYHOC033','KIPHOC04'),('LICHHOC562','Lịch học 562','T.T.V.Anh','D18-061','1120125','TUANHOC31','NGAYHOC040','KIPHOC04'),('LICHHOC563','Lịch học 563','T.T.V.Anh','D18-061','1120125','TUANHOC32','NGAYHOC047','KIPHOC04'),('LICHHOC564','Lịch học 564','T.T.V.Anh','D18-061','1120125','TUANHOC33','NGAYHOC054','KIPHOC04'),('LICHHOC565','Lịch học 565','T.T.V.Anh','D18-061','1120125','TUANHOC34','NGAYHOC061','KIPHOC04'),('LICHHOC566','Lịch học 566','T.T.V.Anh','D18-061','1120125','TUANHOC35','NGAYHOC068','KIPHOC04'),('LICHHOC567','Lịch học 567','T.T.V.Anh','D18-061','1120125','TUANHOC36','NGAYHOC075','KIPHOC04'),('LICHHOC568','Lịch học 568','T.T.V.Anh','D18-061','1120125','TUANHOC37','NGAYHOC082','KIPHOC04'),('LICHHOC569','Lịch học 569','T.T.V.Anh','D18-061','1120125','TUANHOC38','NGAYHOC089','KIPHOC04'),('LICHHOC570','Lịch học 570','T.T.V.Anh','D18-061','1120125','TUANHOC39','NGAYHOC096','KIPHOC04'),('LICHHOC571','Lịch học 571','T.T.V.Anh','D18-061','1120125','TUANHOC40','NGAYHOC103','KIPHOC04'),('LICHHOC572','Lịch học 572','T.T.V.Anh','D18-061','1120125','TUANHOC26','NGAYHOC005','KIPHOC06'),('LICHHOC573','Lịch học 573','T.T.V.Anh','D18-061','1120125','TUANHOC27','NGAYHOC012','KIPHOC06'),('LICHHOC574','Lịch học 574','T.T.V.Anh','D18-061','1120125','TUANHOC28','NGAYHOC019','KIPHOC06'),('LICHHOC575','Lịch học 575','T.T.V.Anh','D18-061','1120125','TUANHOC29','NGAYHOC026','KIPHOC06'),('LICHHOC576','Lịch học 576','T.T.V.Anh','D18-062','1120125','TUANHOC26','NGAYHOC005','KIPHOC05'),('LICHHOC577','Lịch học 577','T.T.V.Anh','D18-062','1120125','TUANHOC27','NGAYHOC012','KIPHOC05'),('LICHHOC578','Lịch học 578','T.T.V.Anh','D18-062','1120125','TUANHOC28','NGAYHOC019','KIPHOC05'),('LICHHOC579','Lịch học 579','T.T.V.Anh','D18-062','1120125','TUANHOC29','NGAYHOC026','KIPHOC05'),('LICHHOC580','Lịch học 580','T.T.V.Anh','D18-062','1120125','TUANHOC30','NGAYHOC033','KIPHOC05'),('LICHHOC581','Lịch học 581','T.T.V.Anh','D18-062','1120125','TUANHOC31','NGAYHOC040','KIPHOC05'),('LICHHOC582','Lịch học 582','T.T.V.Anh','D18-062','1120125','TUANHOC32','NGAYHOC047','KIPHOC05'),('LICHHOC583','Lịch học 583','T.T.V.Anh','D18-062','1120125','TUANHOC33','NGAYHOC054','KIPHOC05'),('LICHHOC584','Lịch học 584','T.T.V.Anh','D18-062','1120125','TUANHOC34','NGAYHOC061','KIPHOC05'),('LICHHOC585','Lịch học 585','T.T.V.Anh','D18-062','1120125','TUANHOC35','NGAYHOC068','KIPHOC05'),('LICHHOC586','Lịch học 586','T.T.V.Anh','D18-062','1120125','TUANHOC36','NGAYHOC075','KIPHOC05'),('LICHHOC587','Lịch học 587','T.T.V.Anh','D18-062','1120125','TUANHOC37','NGAYHOC082','KIPHOC05'),('LICHHOC588','Lịch học 588','T.T.V.Anh','D18-062','1120125','TUANHOC38','NGAYHOC089','KIPHOC05'),('LICHHOC589','Lịch học 589','T.T.V.Anh','D18-062','1120125','TUANHOC39','NGAYHOC096','KIPHOC05'),('LICHHOC590','Lịch học 590','T.T.V.Anh','D18-062','1120125','TUANHOC40','NGAYHOC103','KIPHOC05'),('LICHHOC591','Lịch học 591','T.T.V.Anh','D18-062','1120125','TUANHOC34','NGAYHOC061','KIPHOC06'),('LICHHOC592','Lịch học 592','T.T.V.Anh','D18-062','1120125','TUANHOC35','NGAYHOC068','KIPHOC06'),('LICHHOC593','Lịch học 593','T.T.V.Anh','D18-062','1120125','TUANHOC36','NGAYHOC075','KIPHOC06'),('LICHHOC594','Lịch học 594','T.T.V.Anh','D18-062','1120125','TUANHOC37','NGAYHOC082','KIPHOC06'),('LICHHOC645','Lịch học 645','V.H.Nam','D18-063','70305','TUANHOC26','NGAYHOC003','KIPHOC04'),('LICHHOC646','Lịch học 646','V.H.Nam','D18-063','70305','TUANHOC27','NGAYHOC010','KIPHOC04'),('LICHHOC647','Lịch học 647','V.H.Nam','D18-063','70305','TUANHOC28','NGAYHOC017','KIPHOC04'),('LICHHOC648','Lịch học 648','V.H.Nam','D18-063','70305','TUANHOC29','NGAYHOC024','KIPHOC04'),('LICHHOC649','Lịch học 649','V.H.Nam','D18-063','70305','TUANHOC30','NGAYHOC031','KIPHOC04'),('LICHHOC650','Lịch học 650','V.H.Nam','D18-063','70305','TUANHOC31','NGAYHOC038','KIPHOC04'),('LICHHOC651','Lịch học 651','V.H.Nam','D18-063','70305','TUANHOC32','NGAYHOC045','KIPHOC04'),('LICHHOC652','Lịch học 652','V.H.Nam','D18-063','70305','TUANHOC33','NGAYHOC052','KIPHOC04'),('LICHHOC653','Lịch học 653','V.H.Nam','D18-063','70305','TUANHOC34','NGAYHOC059','KIPHOC04'),('LICHHOC654','Lịch học 654','V.H.Nam','D18-063','70305','TUANHOC35','NGAYHOC066','KIPHOC04'),('LICHHOC655','Lịch học 655','V.H.Nam','D18-063','70305','TUANHOC36','NGAYHOC073','KIPHOC04'),('LICHHOC656','Lịch học 656','V.H.Nam','D18-063','70305','TUANHOC37','NGAYHOC080','KIPHOC04'),('LICHHOC657','Lịch học 657','V.H.Nam','D18-063','70305','TUANHOC38','NGAYHOC087','KIPHOC04'),('LICHHOC658','Lịch học 658','V.H.Nam','D18-063','70305','TUANHOC39','NGAYHOC094','KIPHOC04'),('LICHHOC659','Lịch học 659','V.H.Nam','D18-063','70305','TUANHOC40','NGAYHOC101','KIPHOC04'),('LICHHOC660','Lịch học 660','V.H.Nam','D18-063','70305','TUANHOC26','NGAYHOC003','KIPHOC06'),('LICHHOC661','Lịch học 661','V.H.Nam','D18-063','70305','TUANHOC27','NGAYHOC010','KIPHOC06'),('LICHHOC662','Lịch học 662','V.H.Nam','D18-063','70305','TUANHOC28','NGAYHOC017','KIPHOC06'),('LICHHOC663','Lịch học 663','V.H.Nam','D18-063','70305','TUANHOC29','NGAYHOC024','KIPHOC06'),('LICHHOC664','Lịch học 664','V.H.Nam','D18-063','70305','TUANHOC30','NGAYHOC031','KIPHOC06'),('LICHHOC665','Lịch học 665','V.H.Nam','D18-063','70305','TUANHOC31','NGAYHOC038','KIPHOC06'),('LICHHOC666','Lịch học 666','V.H.Nam','D18-063','70305','TUANHOC32','NGAYHOC045','KIPHOC06'),('LICHHOC667','Lịch học 667','V.H.Nam','D18-064','70305','TUANHOC26','NGAYHOC003','KIPHOC05'),('LICHHOC668','Lịch học 668','V.H.Nam','D18-064','70305','TUANHOC27','NGAYHOC010','KIPHOC05'),('LICHHOC669','Lịch học 669','V.H.Nam','D18-064','70305','TUANHOC28','NGAYHOC017','KIPHOC05'),('LICHHOC670','Lịch học 670','V.H.Nam','D18-064','70305','TUANHOC29','NGAYHOC024','KIPHOC05'),('LICHHOC671','Lịch học 671','V.H.Nam','D18-064','70305','TUANHOC30','NGAYHOC031','KIPHOC05'),('LICHHOC672','Lịch học 672','V.H.Nam','D18-064','70305','TUANHOC31','NGAYHOC038','KIPHOC05'),('LICHHOC673','Lịch học 673','V.H.Nam','D18-064','70305','TUANHOC32','NGAYHOC045','KIPHOC05'),('LICHHOC674','Lịch học 674','V.H.Nam','D18-064','70305','TUANHOC33','NGAYHOC052','KIPHOC05'),('LICHHOC675','Lịch học 675','V.H.Nam','D18-064','70305','TUANHOC34','NGAYHOC059','KIPHOC05'),('LICHHOC676','Lịch học 676','V.H.Nam','D18-064','70305','TUANHOC35','NGAYHOC066','KIPHOC05'),('LICHHOC677','Lịch học 677','V.H.Nam','D18-064','70305','TUANHOC36','NGAYHOC073','KIPHOC05'),('LICHHOC678','Lịch học 678','V.H.Nam','D18-064','70305','TUANHOC37','NGAYHOC080','KIPHOC05'),('LICHHOC679','Lịch học 679','V.H.Nam','D18-064','70305','TUANHOC38','NGAYHOC087','KIPHOC05'),('LICHHOC680','Lịch học 680','V.H.Nam','D18-064','70305','TUANHOC39','NGAYHOC094','KIPHOC05'),('LICHHOC681','Lịch học 681','V.H.Nam','D18-064','70305','TUANHOC40','NGAYHOC101','KIPHOC05'),('LICHHOC682','Lịch học 682','V.H.Nam','D18-064','70305','TUANHOC34','NGAYHOC059','KIPHOC06'),('LICHHOC683','Lịch học 683','V.H.Nam','D18-064','70305','TUANHOC35','NGAYHOC066','KIPHOC06'),('LICHHOC684','Lịch học 684','V.H.Nam','D18-064','70305','TUANHOC36','NGAYHOC073','KIPHOC06'),('LICHHOC685','Lịch học 685','V.H.Nam','D18-064','70305','TUANHOC37','NGAYHOC080','KIPHOC06'),('LICHHOC686','Lịch học 686','V.H.Nam','D18-064','70305','TUANHOC38','NGAYHOC087','KIPHOC06'),('LICHHOC687','Lịch học 687','V.H.Nam','D18-064','70305','TUANHOC39','NGAYHOC094','KIPHOC06'),('LICHHOC688','Lịch học 688','V.H.Nam','D18-064','70305','TUANHOC40','NGAYHOC101','KIPHOC06'),('LICHHOC689','Lịch học 689','H.T.Cước','D18-065','70193','TUANHOC26','NGAYHOC004','KIPHOC01'),('LICHHOC690','Lịch học 690','H.T.Cước','D18-065','70193','TUANHOC27','NGAYHOC011','KIPHOC01'),('LICHHOC691','Lịch học 691','H.T.Cước','D18-065','70193','TUANHOC28','NGAYHOC018','KIPHOC01'),('LICHHOC692','Lịch học 692','H.T.Cước','D18-065','70193','TUANHOC29','NGAYHOC025','KIPHOC01'),('LICHHOC693','Lịch học 693','H.T.Cước','D18-065','70193','TUANHOC30','NGAYHOC032','KIPHOC01'),('LICHHOC694','Lịch học 694','H.T.Cước','D18-065','70193','TUANHOC31','NGAYHOC039','KIPHOC01'),('LICHHOC695','Lịch học 695','H.T.Cước','D18-065','70193','TUANHOC32','NGAYHOC046','KIPHOC01'),('LICHHOC696','Lịch học 696','H.T.Cước','D18-065','70193','TUANHOC33','NGAYHOC053','KIPHOC01'),('LICHHOC697','Lịch học 697','H.T.Cước','D18-065','70193','TUANHOC34','NGAYHOC060','KIPHOC01'),('LICHHOC698','Lịch học 698','H.T.Cước','D18-065','70193','TUANHOC35','NGAYHOC067','KIPHOC01'),('LICHHOC699','Lịch học 699','H.T.Cước','D18-065','70193','TUANHOC36','NGAYHOC074','KIPHOC01'),('LICHHOC700','Lịch học 700','H.T.Cước','D18-065','70193','TUANHOC37','NGAYHOC081','KIPHOC01'),('LICHHOC701','Lịch học 701','H.T.Cước','D18-065','70193','TUANHOC38','NGAYHOC088','KIPHOC01'),('LICHHOC702','Lịch học 702','H.T.Cước','D18-065','70193','TUANHOC39','NGAYHOC095','KIPHOC01'),('LICHHOC703','Lịch học 703','H.T.Cước','D18-065','70193','TUANHOC40','NGAYHOC102','KIPHOC01'),('LICHHOC704','Lịch học 704','H.T.Cước','D18-065','70193','TUANHOC26','NGAYHOC004','KIPHOC03'),('LICHHOC705','Lịch học 705','H.T.Cước','D18-065','70193','TUANHOC27','NGAYHOC011','KIPHOC03'),('LICHHOC706','Lịch học 706','H.T.Cước','D18-065','70193','TUANHOC28','NGAYHOC018','KIPHOC03'),('LICHHOC707','Lịch học 707','H.T.Cước','D18-065','70193','TUANHOC29','NGAYHOC025','KIPHOC03'),('LICHHOC708','Lịch học 708','H.T.Cước','D18-065','70193','TUANHOC30','NGAYHOC032','KIPHOC03'),('LICHHOC709','Lịch học 709','H.T.Cước','D18-065','70193','TUANHOC31','NGAYHOC039','KIPHOC03'),('LICHHOC710','Lịch học 710','H.T.Cước','D18-065','70193','TUANHOC32','NGAYHOC046','KIPHOC03'),('LICHHOC711','Lịch học 711','H.T.Cước','D18-066','70193','TUANHOC26','NGAYHOC004','KIPHOC02'),('LICHHOC712','Lịch học 712','H.T.Cước','D18-066','70193','TUANHOC27','NGAYHOC011','KIPHOC02'),('LICHHOC713','Lịch học 713','H.T.Cước','D18-066','70193','TUANHOC28','NGAYHOC018','KIPHOC02'),('LICHHOC714','Lịch học 714','H.T.Cước','D18-066','70193','TUANHOC29','NGAYHOC025','KIPHOC02'),('LICHHOC715','Lịch học 715','H.T.Cước','D18-066','70193','TUANHOC30','NGAYHOC032','KIPHOC02'),('LICHHOC716','Lịch học 716','H.T.Cước','D18-066','70193','TUANHOC31','NGAYHOC039','KIPHOC02'),('LICHHOC717','Lịch học 717','H.T.Cước','D18-066','70193','TUANHOC32','NGAYHOC046','KIPHOC02'),('LICHHOC718','Lịch học 718','H.T.Cước','D18-066','70193','TUANHOC33','NGAYHOC053','KIPHOC02'),('LICHHOC719','Lịch học 719','H.T.Cước','D18-066','70193','TUANHOC34','NGAYHOC060','KIPHOC02'),('LICHHOC720','Lịch học 720','H.T.Cước','D18-066','70193','TUANHOC35','NGAYHOC067','KIPHOC02'),('LICHHOC721','Lịch học 721','H.T.Cước','D18-066','70193','TUANHOC36','NGAYHOC074','KIPHOC02'),('LICHHOC722','Lịch học 722','H.T.Cước','D18-066','70193','TUANHOC37','NGAYHOC081','KIPHOC02'),('LICHHOC723','Lịch học 723','H.T.Cước','D18-066','70193','TUANHOC38','NGAYHOC088','KIPHOC02'),('LICHHOC724','Lịch học 724','H.T.Cước','D18-066','70193','TUANHOC39','NGAYHOC095','KIPHOC02'),('LICHHOC725','Lịch học 725','H.T.Cước','D18-066','70193','TUANHOC40','NGAYHOC102','KIPHOC02'),('LICHHOC726','Lịch học 726','H.T.Cước','D18-066','70193','TUANHOC34','NGAYHOC060','KIPHOC03'),('LICHHOC727','Lịch học 727','H.T.Cước','D18-066','70193','TUANHOC35','NGAYHOC067','KIPHOC03'),('LICHHOC728','Lịch học 728','H.T.Cước','D18-066','70193','TUANHOC36','NGAYHOC074','KIPHOC03'),('LICHHOC729','Lịch học 729','H.T.Cước','D18-066','70193','TUANHOC37','NGAYHOC081','KIPHOC03'),('LICHHOC730','Lịch học 730','H.T.Cước','D18-066','70193','TUANHOC38','NGAYHOC088','KIPHOC03'),('LICHHOC731','Lịch học 731','H.T.Cước','D18-066','70193','TUANHOC39','NGAYHOC095','KIPHOC03'),('LICHHOC732','Lịch học 732','H.T.Cước','D18-066','70193','TUANHOC40','NGAYHOC102','KIPHOC03');
/*!40000 ALTER TABLE `tbl_lich_hoc` ENABLE KEYS */;
UNLOCK TABLES;

--
-- Table structure for table `tbl_lop_hoc_phan`
--

DROP TABLE IF EXISTS `tbl_lop_hoc_phan`;
/*!40101 SET @saved_cs_client     = @@character_set_client */;
/*!50503 SET character_set_client = utf8mb4 */;
CREATE TABLE `tbl_lop_hoc_phan` (
  `maLopHocPhan` varchar(45) CHARACTER SET utf8mb4 COLLATE utf8mb4_0900_ai_ci NOT NULL,
  `tenLopHocPhan` varchar(45) CHARACTER SET utf8mb4 COLLATE utf8mb4_0900_ai_ci NOT NULL,
  `siSoToiDa` int NOT NULL,
  `moTa` varchar(45) CHARACTER SET utf8mb4 COLLATE utf8mb4_0900_ai_ci DEFAULT NULL,
  `maMonHocKiHoc` varchar(45) CHARACTER SET utf8mb4 COLLATE utf8mb4_0900_ai_ci NOT NULL,
  PRIMARY KEY (`maLopHocPhan`),
  KEY `tbl_mon_hoc_ki_hoc_idx` (`maMonHocKiHoc`),
  CONSTRAINT `tbl_mon_hoc_ki_hoc` FOREIGN KEY (`maMonHocKiHoc`) REFERENCES `tbl_mon_hoc_ki_hoc` (`maMonHocKiHoc`)
) ENGINE=InnoDB DEFAULT CHARSET=utf8mb3;
/*!40101 SET character_set_client = @saved_cs_client */;

--
-- Dumping data for table `tbl_lop_hoc_phan`
--

LOCK TABLES `tbl_lop_hoc_phan` WRITE;
/*!40000 ALTER TABLE `tbl_lop_hoc_phan` DISABLE KEYS */;
INSERT INTO `tbl_lop_hoc_phan` VALUES ('D18-008','D18-008',74,NULL,'MHKH06'),('D18-009','D18-009',74,NULL,'MHKH06'),('D18-010','D18-010',74,NULL,'MHKH06'),('D18-011','D18-011',74,NULL,'MHKH06'),('D18-022','D18-022',78,NULL,'MHKH01'),('D18-023','D18-023',78,NULL,'MHKH01'),('D18-024','D18-024',78,NULL,'MHKH01'),('D18-025','D18-025',78,NULL,'MHKH01'),('D18-036','D18-036',76,NULL,'MHKH04'),('D18-037','D18-037',76,NULL,'MHKH04'),('D18-038','D18-038',76,NULL,'MHKH04'),('D18-039','D18-039',76,NULL,'MHKH04'),('D18-051','D18-051',82,NULL,'MHKH02'),('D18-052','D18-052',82,NULL,'MHKH02'),('D18-053','D18-053',82,NULL,'MHKH02'),('D18-054','D18-054',82,NULL,'MHKH02'),('D18-055','D18-055',70,NULL,'MHKH03'),('D18-056','D18-056',70,NULL,'MHKH03'),('D18-057','D18-057',70,NULL,'MHKH03'),('D18-058','D18-058',70,NULL,'MHKH03'),('D18-059','D18-059',70,NULL,'MHKH03'),('D18-060','D18-060',70,NULL,'MHKH03'),('D18-061','D18-061',70,NULL,'MHKH03'),('D18-062','D18-062',70,NULL,'MHKH03'),('D18-063','D18-063',80,NULL,'MHKH05'),('D18-064','D18-064',80,NULL,'MHKH05'),('D18-065','D18-065',80,NULL,'MHKH05'),('D18-066','D18-066',80,NULL,'MHKH05');
/*!40000 ALTER TABLE `tbl_lop_hoc_phan` ENABLE KEYS */;
UNLOCK TABLES;

--
-- Table structure for table `tbl_mon_hoc`
--

DROP TABLE IF EXISTS `tbl_mon_hoc`;
/*!40101 SET @saved_cs_client     = @@character_set_client */;
/*!50503 SET character_set_client = utf8mb4 */;
CREATE TABLE `tbl_mon_hoc` (
  `maMonHoc` varchar(45) NOT NULL,
  `tenMonHoc` varchar(45) NOT NULL,
  `soTc` int NOT NULL,
  `maBoMon` varchar(45) NOT NULL,
  PRIMARY KEY (`maMonHoc`),
  KEY `tbl_bo_mon_idx` (`maBoMon`),
  CONSTRAINT `tbl_bo_mon` FOREIGN KEY (`maBoMon`) REFERENCES `tbl_bo_mon` (`maBoMon`)
) ENGINE=InnoDB DEFAULT CHARSET=utf8mb4 COLLATE=utf8mb4_0900_ai_ci;
/*!40101 SET character_set_client = @saved_cs_client */;

--
-- Dumping data for table `tbl_mon_hoc`
--

LOCK TABLES `tbl_mon_hoc` WRITE;
/*!40000 ALTER TABLE `tbl_mon_hoc` DISABLE KEYS */;
INSERT INTO `tbl_mon_hoc` VALUES ('INT1405','Các hệ thống phân tán',3,'BOMON10'),('INT1408','Chuyên đề công nghệ phần mềm',1,'BOMON10'),('INT1409','Chuyên đề hệ thống thông tin',1,'BOMON10'),('INT1416','Đảm bảo chất lượng phần mề',3,'BOMON10'),('INT1418','Hệ cơ sở dữ liệu đa phương tiện',3,'BOMON10'),('INT1422','Kho dữ liệu và khai phá dữ liệu',3,'BOMON10'),('INT1427','Kiến trúc và thiết kế phần mề',3,'BOMON10'),('INT1445','Phát triển hệ thống thông tin quản lý',3,'BOMON10'),('INT1446','Phát triển hệ thống thương mại điện tử',3,'BOMON10'),('INT1448','Phát triển phần mềm hướng dịch vụ',3,'BOMON10'),('INT1449','Phát triển phần mềm cho các thiết bị di động',3,'BOMON10'),('INT1461','Xây dựng các hệ thống nhúng',3,'BOMON10');
/*!40000 ALTER TABLE `tbl_mon_hoc` ENABLE KEYS */;
UNLOCK TABLES;

--
-- Table structure for table `tbl_mon_hoc_ki_hoc`
--

DROP TABLE IF EXISTS `tbl_mon_hoc_ki_hoc`;
/*!40101 SET @saved_cs_client     = @@character_set_client */;
/*!50503 SET character_set_client = utf8mb4 */;
CREATE TABLE `tbl_mon_hoc_ki_hoc` (
  `maMonHocKiHoc` varchar(45) NOT NULL,
  `maMonHoc` varchar(45) NOT NULL,
  `maKiHoc` varchar(45) NOT NULL,
  PRIMARY KEY (`maMonHocKiHoc`),
  KEY `tbl_mon_hoc_idx` (`maMonHoc`),
  KEY `tbl_ky_hoc_idx` (`maKiHoc`),
  CONSTRAINT `tbl_ky_hoc` FOREIGN KEY (`maKiHoc`) REFERENCES `tbl_ki_hoc` (`maKiHoc`),
  CONSTRAINT `tbl_mon_hoc` FOREIGN KEY (`maMonHoc`) REFERENCES `tbl_mon_hoc` (`maMonHoc`)
) ENGINE=InnoDB DEFAULT CHARSET=utf8mb4 COLLATE=utf8mb4_0900_ai_ci;
/*!40101 SET character_set_client = @saved_cs_client */;

--
-- Dumping data for table `tbl_mon_hoc_ki_hoc`
--

LOCK TABLES `tbl_mon_hoc_ki_hoc` WRITE;
/*!40000 ALTER TABLE `tbl_mon_hoc_ki_hoc` DISABLE KEYS */;
INSERT INTO `tbl_mon_hoc_ki_hoc` VALUES ('MHKH01','INT1416','KYHOC08'),('MHKH02','INT1448','KYHOC08'),('MHKH03','INT1449','KYHOC08'),('MHKH04','INT1427','KYHOC08'),('MHKH05','INT1461','KYHOC08'),('MHKH06','INT1408','KYHOC08'),('MHKH07','INT1446','KYHOC08'),('MHKH08','INT1418','KYHOC08'),('MHKH09','INT1445','KYHOC08'),('MHKH10','INT1422','KYHOC08'),('MHKH11','INT1405','KYHOC08'),('MHKH12','INT1409','KYHOC08');
/*!40000 ALTER TABLE `tbl_mon_hoc_ki_hoc` ENABLE KEYS */;
UNLOCK TABLES;

--
-- Table structure for table `tbl_nam_hoc`
--

DROP TABLE IF EXISTS `tbl_nam_hoc`;
/*!40101 SET @saved_cs_client     = @@character_set_client */;
/*!50503 SET character_set_client = utf8mb4 */;
CREATE TABLE `tbl_nam_hoc` (
  `maNamHoc` varchar(45) NOT NULL,
  `tenNamHoc` varchar(45) NOT NULL,
  `moTa` varchar(45) DEFAULT NULL,
  PRIMARY KEY (`maNamHoc`)
) ENGINE=InnoDB DEFAULT CHARSET=utf8mb4 COLLATE=utf8mb4_0900_ai_ci;
/*!40101 SET character_set_client = @saved_cs_client */;

--
-- Dumping data for table `tbl_nam_hoc`
--

LOCK TABLES `tbl_nam_hoc` WRITE;
/*!40000 ALTER TABLE `tbl_nam_hoc` DISABLE KEYS */;
INSERT INTO `tbl_nam_hoc` VALUES ('NAMHOC2021','NĂM HỌC 2021-2022','năm học 2021-2022'),('NAMHOC2022','NĂM HỌC 2022-2023','năm học 2022-2023');
/*!40000 ALTER TABLE `tbl_nam_hoc` ENABLE KEYS */;
UNLOCK TABLES;

--
-- Table structure for table `tbl_ngay_hoc`
--

DROP TABLE IF EXISTS `tbl_ngay_hoc`;
/*!40101 SET @saved_cs_client     = @@character_set_client */;
/*!50503 SET character_set_client = utf8mb4 */;
CREATE TABLE `tbl_ngay_hoc` (
  `maNgayHoc` varchar(45) NOT NULL,
  `tenNgayHoc` date NOT NULL,
  `moTa` varchar(45) NOT NULL,
  PRIMARY KEY (`maNgayHoc`)
) ENGINE=InnoDB DEFAULT CHARSET=utf8mb4 COLLATE=utf8mb4_0900_ai_ci;
/*!40101 SET character_set_client = @saved_cs_client */;

--
-- Dumping data for table `tbl_ngay_hoc`
--

LOCK TABLES `tbl_ngay_hoc` WRITE;
/*!40000 ALTER TABLE `tbl_ngay_hoc` DISABLE KEYS */;
INSERT INTO `tbl_ngay_hoc` VALUES ('NGAYHOC001','2022-02-07','THỨ HAI'),('NGAYHOC002','2022-02-08','THỨ BA'),('NGAYHOC003','2022-02-09','THỨ TƯ'),('NGAYHOC004','2022-02-10','THỨ NĂM'),('NGAYHOC005','2022-02-11','THỨ SÁU'),('NGAYHOC006','2022-02-12','THỨ BẢY'),('NGAYHOC007','2022-02-13','CHỦ NHẬT'),('NGAYHOC008','2022-02-14','THỨ HAI'),('NGAYHOC009','2022-02-15','THỨ BA'),('NGAYHOC010','2022-02-16','THỨ TƯ'),('NGAYHOC011','2022-02-17','THỨ NĂM'),('NGAYHOC012','2022-02-18','THỨ SÁU'),('NGAYHOC013','2022-02-19','THỨ BẢY'),('NGAYHOC014','2022-02-20','CHỦ NHẬT'),('NGAYHOC015','2022-02-21','THỨ HAI'),('NGAYHOC016','2022-02-22','THỨ BA'),('NGAYHOC017','2022-02-23','THỨ TƯ'),('NGAYHOC018','2022-02-24','THỨ NĂM'),('NGAYHOC019','2022-02-25','THỨ SÁU'),('NGAYHOC020','2022-02-26','THỨ BẢY'),('NGAYHOC021','2022-02-27','CHỦ NHẬT'),('NGAYHOC022','2022-02-28','THỨ HAI'),('NGAYHOC023','2022-03-01','THỨ BA'),('NGAYHOC024','2022-03-02','THỨ TƯ'),('NGAYHOC025','2022-03-03','THỨ NĂM'),('NGAYHOC026','2022-03-04','THỨ SÁU'),('NGAYHOC027','2022-03-05','THỨ BẢY'),('NGAYHOC028','2022-03-06','CHỦ NHẬT'),('NGAYHOC029','2022-03-07','THỨ HAI'),('NGAYHOC030','2022-03-08','THỨ BA'),('NGAYHOC031','2022-03-09','THỨ TƯ'),('NGAYHOC032','2022-03-10','THỨ NĂM'),('NGAYHOC033','2022-03-11','THỨ SÁU'),('NGAYHOC034','2022-03-12','THỨ BẢY'),('NGAYHOC035','2022-03-13','CHỦ NHẬT'),('NGAYHOC036','2022-03-14','THỨ HAI'),('NGAYHOC037','2022-03-15','THỨ BA'),('NGAYHOC038','2022-03-16','THỨ TƯ'),('NGAYHOC039','2022-03-17','THỨ NĂM'),('NGAYHOC040','2022-03-18','THỨ SÁU'),('NGAYHOC041','2022-03-19','THỨ BẢY'),('NGAYHOC042','2022-03-20','CHỦ NHẬT'),('NGAYHOC043','2022-03-21','THỨ HAI'),('NGAYHOC044','2022-03-22','THỨ BA'),('NGAYHOC045','2022-03-23','THỨ TƯ'),('NGAYHOC046','2022-03-24','THỨ NĂM'),('NGAYHOC047','2022-03-25','THỨ SÁU'),('NGAYHOC048','2022-03-26','THỨ BẢY'),('NGAYHOC049','2022-03-27','CHỦ NHẬT'),('NGAYHOC050','2022-03-28','THỨ HAI'),('NGAYHOC051','2022-03-29','THỨ BA'),('NGAYHOC052','2022-03-30','THỨ TƯ'),('NGAYHOC053','2022-03-31','THỨ NĂM'),('NGAYHOC054','2022-04-01','THỨ SÁU'),('NGAYHOC055','2022-04-02','THỨ BẢY'),('NGAYHOC056','2022-04-03','CHỦ NHẬT'),('NGAYHOC057','2022-04-04','THỨ HAI'),('NGAYHOC058','2022-04-05','THỨ BA'),('NGAYHOC059','2022-04-06','THỨ TƯ'),('NGAYHOC060','2022-04-07','THỨ NĂM'),('NGAYHOC061','2022-04-08','THỨ SÁU'),('NGAYHOC062','2022-04-09','THỨ BẢY'),('NGAYHOC063','2022-04-10','CHỦ NHẬT'),('NGAYHOC064','2022-04-11','THỨ HAI'),('NGAYHOC065','2022-04-12','THỨ BA'),('NGAYHOC066','2022-04-13','THỨ TƯ'),('NGAYHOC067','2022-04-14','THỨ NĂM'),('NGAYHOC068','2022-04-15','THỨ SÁU'),('NGAYHOC069','2022-04-16','THỨ BẢY'),('NGAYHOC070','2022-04-17','CHỦ NHẬT'),('NGAYHOC071','2022-04-18','THỨ HAI'),('NGAYHOC072','2022-04-19','THỨ BA'),('NGAYHOC073','2022-04-20','THỨ TƯ'),('NGAYHOC074','2022-04-21','THỨ NĂM'),('NGAYHOC075','2022-04-22','THỨ SÁU'),('NGAYHOC076','2022-04-23','THỨ BẢY'),('NGAYHOC077','2022-04-24','CHỦ NHẬT'),('NGAYHOC078','2022-04-25','THỨ HAI'),('NGAYHOC079','2022-04-26','THỨ BA'),('NGAYHOC080','2022-04-27','THỨ TƯ'),('NGAYHOC081','2022-04-28','THỨ NĂM'),('NGAYHOC082','2022-04-29','THỨ SÁU'),('NGAYHOC083','2022-04-30','THỨ BẢY'),('NGAYHOC084','2022-05-01','CHỦ NHẬT'),('NGAYHOC085','2022-05-02','THỨ HAI'),('NGAYHOC086','2022-05-03','THỨ BA'),('NGAYHOC087','2022-05-04','THỨ TƯ'),('NGAYHOC088','2022-05-05','THỨ NĂM'),('NGAYHOC089','2022-05-06','THỨ SÁU'),('NGAYHOC090','2022-05-07','THỨ BẢY'),('NGAYHOC091','2022-05-08','CHỦ NHẬT'),('NGAYHOC092','2022-05-09','THỨ HAI'),('NGAYHOC093','2022-05-10','THỨ BA'),('NGAYHOC094','2022-05-11','THỨ TƯ'),('NGAYHOC095','2022-05-12','THỨ NĂM'),('NGAYHOC096','2022-05-13','THỨ SÁU'),('NGAYHOC097','2022-05-14','THỨ BẢY'),('NGAYHOC098','2022-05-15','CHỦ NHẬT'),('NGAYHOC099','2022-05-16','THỨ HAI'),('NGAYHOC100','2022-05-17','THỨ BA'),('NGAYHOC101','2022-05-18','THỨ TƯ'),('NGAYHOC102','2022-05-19','THỨ NĂM'),('NGAYHOC103','2022-05-20','THỨ SÁU'),('NGAYHOC104','2022-05-21','THỨ BẢY'),('NGAYHOC105','2022-05-22','CHỦ NHẬT'),('NGAYHOC106','2022-05-23','THỨ HAI'),('NGAYHOC107','2022-05-24','THỨ BA'),('NGAYHOC108','2022-05-25','THỨ TƯ'),('NGAYHOC109','2022-05-26','THỨ NĂM'),('NGAYHOC110','2022-05-27','THỨ SÁU'),('NGAYHOC111','2022-05-28','THỨ BẢY'),('NGAYHOC112','2022-05-29','CHỦ NHẬT'),('NGAYHOC113','2022-05-30','THỨ HAI'),('NGAYHOC114','2022-05-31','THỨ BA'),('NGAYHOC115','2022-06-01','THỨ TƯ'),('NGAYHOC116','2022-06-02','THỨ NĂM'),('NGAYHOC117','2022-06-03','THỨ SÁU'),('NGAYHOC118','2022-06-04','THỨ BẢY'),('NGAYHOC119','2022-06-05','CHỦ NHẬT'),('NGAYHOC120','2022-06-06','THỨ HAI'),('NGAYHOC121','2022-06-07','THỨ BA'),('NGAYHOC122','2022-06-08','THỨ TƯ'),('NGAYHOC123','2022-06-09','THỨ NĂM'),('NGAYHOC124','2022-06-10','THỨ SÁU'),('NGAYHOC125','2022-06-11','THỨ BẢY'),('NGAYHOC126','2022-06-12','CHỦ NHẬT'),('NGAYHOC127','2022-06-13','THỨ HAI'),('NGAYHOC128','2022-06-14','THỨ BA'),('NGAYHOC129','2022-06-15','THỨ TƯ'),('NGAYHOC130','2022-06-16','THỨ NĂM'),('NGAYHOC131','2022-06-17','THỨ SÁU'),('NGAYHOC132','2022-06-18','THỨ BẢY'),('NGAYHOC133','2022-06-19','CHỦ NHẬT'),('NGAYHOC134','2022-06-20','THỨ HAI'),('NGAYHOC135','2022-06-21','THỨ BA'),('NGAYHOC136','2022-06-22','THỨ TƯ'),('NGAYHOC137','2022-06-23','THỨ NĂM'),('NGAYHOC138','2022-06-24','THỨ SÁU'),('NGAYHOC139','2022-06-25','THỨ BẢY'),('NGAYHOC140','2022-06-26','CHỦ NHẬT'),('NGAYHOC141','2022-06-27','THỨ HAI'),('NGAYHOC142','2022-06-28','THỨ BA'),('NGAYHOC143','2022-06-29','THỨ TƯ'),('NGAYHOC144','2022-06-30','THỨ NĂM'),('NGAYHOC145','2022-07-01','THỨ SÁU'),('NGAYHOC146','2022-07-02','THỨ BẢY'),('NGAYHOC147','2022-07-03','CHỦ NHẬT'),('NGAYHOC148','2022-07-04','THỨ HAI'),('NGAYHOC149','2022-07-05','THỨ BA'),('NGAYHOC150','2022-07-06','THỨ TƯ'),('NGAYHOC151','2022-07-07','THỨ NĂM'),('NGAYHOC152','2022-07-08','THỨ SÁU'),('NGAYHOC153','2022-07-09','THỨ BẢY'),('NGAYHOC154','2022-07-10','CHỦ NHẬT');
/*!40000 ALTER TABLE `tbl_ngay_hoc` ENABLE KEYS */;
UNLOCK TABLES;

--
-- Table structure for table `tbl_phong_hoc`
--

DROP TABLE IF EXISTS `tbl_phong_hoc`;
/*!40101 SET @saved_cs_client     = @@character_set_client */;
/*!50503 SET character_set_client = utf8mb4 */;
CREATE TABLE `tbl_phong_hoc` (
  `maPhongHoc` varchar(45) NOT NULL,
  `tenPhongHoc` varchar(45) NOT NULL,
  `sucChua` int NOT NULL,
  `maToaNha` varchar(45) NOT NULL,
  PRIMARY KEY (`maPhongHoc`),
  KEY `tbl_toa_nha_idx` (`maToaNha`),
  CONSTRAINT `tbl_toa_nha` FOREIGN KEY (`maToaNha`) REFERENCES `tbl_toa_nha` (`maToaNha`)
) ENGINE=InnoDB DEFAULT CHARSET=utf8mb4 COLLATE=utf8mb4_0900_ai_ci;
/*!40101 SET character_set_client = @saved_cs_client */;

--
-- Dumping data for table `tbl_phong_hoc`
--

LOCK TABLES `tbl_phong_hoc` WRITE;
/*!40000 ALTER TABLE `tbl_phong_hoc` DISABLE KEYS */;
INSERT INTO `tbl_phong_hoc` VALUES ('0912239696','0912239696',90,'TOANHA06'),('1109355','1109355',90,'TOANHA06'),('1109606','1109606',90,'TOANHA06'),('1116189','1116189',90,'TOANHA06'),('1120125','1120125',90,'TOANHA06'),('1131446','1131446',90,'TOANHA06'),('1131751','1131751',90,'TOANHA06'),('70169','70169',90,'TOANHA06'),('70193','70193',90,'TOANHA06'),('70305','70305',90,'TOANHA06'),('PHONGHOC01','A101-A2',80,'TOANHA02'),('PHONGHOC02','A102-A3',80,'TOANHA02'),('PHONGHOC03','A201-A2',80,'TOANHA02'),('PHONGHOC04','A202-A2',50,'TOANHA02'),('PHONGHOC05','A301-A2',80,'TOANHA02'),('PHONGHOC06','A302-A2',80,'TOANHA02'),('PHONGHOC07','A303-A2',50,'TOANHA02'),('PHONGHOC08','A304-A2',80,'TOANHA02'),('PHONGHOC09','A305-A2',50,'TOANHA02'),('PHONGHOC10','A401-A2',80,'TOANHA02'),('PHONGHOC11','A402-A2',80,'TOANHA02'),('PHONGHOC12','A403-A2',50,'TOANHA02'),('PHONGHOC13','A404-A2',80,'TOANHA02'),('PHONGHOC14','A405-A2',50,'TOANHA02'),('PHONGHOC15','A501-A2',80,'TOANHA02'),('PHONGHOC16','A502-A2',80,'TOANHA02'),('PHONGHOC17','A503-A2',50,'TOANHA02'),('PHONGHOC18','A504-A2',80,'TOANHA02'),('PHONGHOC19','A505-A2',50,'TOANHA02'),('PHONGHOC20','A601-A2',80,'TOANHA02'),('PHONGHOC21','A602-A2',80,'TOANHA02'),('PHONGHOC22','A603-A2',50,'TOANHA02'),('PHONGHOC23','A604-A2',80,'TOANHA02'),('PHONGHOC24','A605-A2',50,'TOANHA02'),('PHONGHOC25','A701-A2',80,'TOANHA02'),('PHONGHOC26','A702-A2',80,'TOANHA02'),('PHONGHOC27','A703-A2',50,'TOANHA02'),('PHONGHOC28','A704-A2',80,'TOANHA02'),('PHONGHOC29','A705-A2',50,'TOANHA02'),('PHONGHOC30','A801-A2',80,'TOANHA02'),('PHONGHOC31','A802-A2',80,'TOANHA02'),('PHONGHOC32','A803-A2',50,'TOANHA02'),('PHONGHOC33','A804-A2',80,'TOANHA02'),('PHONGHOC34','A805-A2',50,'TOANHA02'),('PHONGHOC35','G01-A2',50,'TOANHA02'),('PHONGHOC36','G02-A2',50,'TOANHA02'),('PHONGHOC37','101-A3',80,'TOANHA03'),('PHONGHOC38','201-A3',80,'TOANHA03'),('PHONGHOC39','202-A3',80,'TOANHA03'),('PHONGHOC40','301-A3',80,'TOANHA03'),('PHONGHOC41','302-A3',80,'TOANHA03'),('PHONGHOC42','303-A3',50,'TOANHA03'),('PHONGHOC43','304-A3',50,'TOANHA03'),('PHONGHOC44','401-A3',80,'TOANHA03'),('PHONGHOC45','402-A3',80,'TOANHA03'),('PHONGHOC46','403-A3',50,'TOANHA03'),('PHONGHOC47','404-A3',50,'TOANHA03'),('PHONGHOC48','501-A3',80,'TOANHA03'),('PHONGHOC49','502-A3',80,'TOANHA03'),('PHONGHOC50','503-A3',50,'TOANHA03');
/*!40000 ALTER TABLE `tbl_phong_hoc` ENABLE KEYS */;
UNLOCK TABLES;

--
-- Table structure for table `tbl_sinh_vien`
--

DROP TABLE IF EXISTS `tbl_sinh_vien`;
/*!40101 SET @saved_cs_client     = @@character_set_client */;
/*!50503 SET character_set_client = utf8mb4 */;
CREATE TABLE `tbl_sinh_vien` (
  `maSinhVien` varchar(45) NOT NULL,
  `taiKhoan` varchar(45) NOT NULL,
  `matKhau` varchar(45) NOT NULL,
  `tenSinhVien` varchar(45) NOT NULL,
  PRIMARY KEY (`maSinhVien`)
) ENGINE=InnoDB DEFAULT CHARSET=utf8mb4 COLLATE=utf8mb4_0900_ai_ci;
/*!40101 SET character_set_client = @saved_cs_client */;

--
-- Dumping data for table `tbl_sinh_vien`
--

LOCK TABLES `tbl_sinh_vien` WRITE;
/*!40000 ALTER TABLE `tbl_sinh_vien` DISABLE KEYS */;
INSERT INTO `tbl_sinh_vien` VALUES ('B18DCCN015','B18DCCN015','123456','Lê Duy Anh'),('B18DCCN026','B18DCCN026','123456','Nguyễn Thế Anh'),('B18DCCN125','B18DCCN125','123456','Trần Thanh Dương'),('B18DCCN147','B18DCCN147','123456','Trịnh Tiến Đạt'),('B18DCCN158','B18DCCN158','123456','Trần Văn Đô');
/*!40000 ALTER TABLE `tbl_sinh_vien` ENABLE KEYS */;
UNLOCK TABLES;

--
-- Table structure for table `tbl_sinh_vien_khoa`
--

DROP TABLE IF EXISTS `tbl_sinh_vien_khoa`;
/*!40101 SET @saved_cs_client     = @@character_set_client */;
/*!50503 SET character_set_client = utf8mb4 */;
CREATE TABLE `tbl_sinh_vien_khoa` (
  `maSinhVienKhoa` varchar(45) NOT NULL,
  `nienKhoa` varchar(45) NOT NULL,
  `maSinhVien` varchar(45) NOT NULL,
  `maKhoa` varchar(45) NOT NULL,
  `dangHoc` int NOT NULL,
  PRIMARY KEY (`maSinhVienKhoa`),
  KEY `tbl_sinh_vien_idx` (`maSinhVien`),
  KEY `tbl_khoa_idx` (`maKhoa`),
  CONSTRAINT `tbl_khoa` FOREIGN KEY (`maKhoa`) REFERENCES `tbl_khoa` (`maKhoa`),
  CONSTRAINT `tbl_sinh_vien` FOREIGN KEY (`maSinhVien`) REFERENCES `tbl_sinh_vien` (`maSinhVien`)
) ENGINE=InnoDB DEFAULT CHARSET=utf8mb4 COLLATE=utf8mb4_0900_ai_ci;
/*!40101 SET character_set_client = @saved_cs_client */;

--
-- Dumping data for table `tbl_sinh_vien_khoa`
--

LOCK TABLES `tbl_sinh_vien_khoa` WRITE;
/*!40000 ALTER TABLE `tbl_sinh_vien_khoa` DISABLE KEYS */;
INSERT INTO `tbl_sinh_vien_khoa` VALUES ('B18CN015','2018-2023','B18DCCN015','CNTT01',1),('B18CN026','2018-2023','B18DCCN026','CNTT01',1),('B18CN125','2018-2023','B18DCCN125','CNTT01',1),('B18CN147','2018-2023','B18DCCN147','CNTT01',1),('B18CN158','2018-2023','B18DCCN158','CNTT01',1);
/*!40000 ALTER TABLE `tbl_sinh_vien_khoa` ENABLE KEYS */;
UNLOCK TABLES;

--
-- Table structure for table `tbl_toa_nha`
--

DROP TABLE IF EXISTS `tbl_toa_nha`;
/*!40101 SET @saved_cs_client     = @@character_set_client */;
/*!50503 SET character_set_client = utf8mb4 */;
CREATE TABLE `tbl_toa_nha` (
  `maToaNha` varchar(45) NOT NULL,
  `tenToaNha` varchar(45) NOT NULL,
  `moTa` varchar(45) DEFAULT NULL,
  PRIMARY KEY (`maToaNha`)
) ENGINE=InnoDB DEFAULT CHARSET=utf8mb4 COLLATE=utf8mb4_0900_ai_ci;
/*!40101 SET character_set_client = @saved_cs_client */;

--
-- Dumping data for table `tbl_toa_nha`
--

LOCK TABLES `tbl_toa_nha` WRITE;
/*!40000 ALTER TABLE `tbl_toa_nha` DISABLE KEYS */;
INSERT INTO `tbl_toa_nha` VALUES ('TOANHA01','TOA A1','toa nha a1'),('TOANHA02','TOA A2','toa nha a2'),('TOANHA03','TOA A3','toa nha a3'),('TOANHA04','HOI TRUONG A1','hoi truong a1'),('TOANHA05','HOI TRUONG A2','hoi truong a2'),('TOANHA06','Trans','hoc online');
/*!40000 ALTER TABLE `tbl_toa_nha` ENABLE KEYS */;
UNLOCK TABLES;

--
-- Table structure for table `tbl_tuan_hoc`
--

DROP TABLE IF EXISTS `tbl_tuan_hoc`;
/*!40101 SET @saved_cs_client     = @@character_set_client */;
/*!50503 SET character_set_client = utf8mb4 */;
CREATE TABLE `tbl_tuan_hoc` (
  `maTuanHoc` varchar(45) NOT NULL,
  `tenTuanHoc` varchar(45) NOT NULL,
  `moTa` varchar(45) DEFAULT NULL,
  PRIMARY KEY (`maTuanHoc`)
) ENGINE=InnoDB DEFAULT CHARSET=utf8mb4 COLLATE=utf8mb4_0900_ai_ci;
/*!40101 SET character_set_client = @saved_cs_client */;

--
-- Dumping data for table `tbl_tuan_hoc`
--

LOCK TABLES `tbl_tuan_hoc` WRITE;
/*!40000 ALTER TABLE `tbl_tuan_hoc` DISABLE KEYS */;
INSERT INTO `tbl_tuan_hoc` VALUES ('TUANHOC26','Tuần 26','07/02-13/02/2022'),('TUANHOC27','Tuần 27','14/02-20/02/2022'),('TUANHOC28','Tuần 28','21/02-27/02/2022'),('TUANHOC29','Tuần 29','28/02-06/03/2022'),('TUANHOC30','Tuần 30','07/03-13/03/2022'),('TUANHOC31','Tuần 31','14/03-20/03/2022'),('TUANHOC32','Tuần 32','21/03-27/03/2022'),('TUANHOC33','Tuần 33','28/03-03/04/2022'),('TUANHOC34','Tuần 34','04/04-10/04/2022'),('TUANHOC35','Tuần 35','11/04-17/04/2022'),('TUANHOC36','Tuần 36','18/04-24/04/2022'),('TUANHOC37','Tuần 37','25/04-01/05/2022'),('TUANHOC38','Tuần 38','02/05-08/05/2022'),('TUANHOC39','Tuần 39','09/05-15/05/2022'),('TUANHOC40','Tuần 40','16/05-22/05/2022'),('TUANHOC41','Tuần 41','23/05-29/05/2022'),('TUANHOC42','Tuần 42','30/05-05/06/2022'),('TUANHOC43','Tuần 43','06/06-12/06/2022'),('TUANHOC44','Tuần 44','13/06-19/06/2022'),('TUANHOC45','Tuần 45','20/06-26/06/2022'),('TUANHOC46','Tuần 46','27/06-03/07/2022'),('TUANHOC47','Tuần 47','04/07-10/07/2022');
/*!40000 ALTER TABLE `tbl_tuan_hoc` ENABLE KEYS */;
UNLOCK TABLES;
/*!40103 SET TIME_ZONE=@OLD_TIME_ZONE */;

/*!40101 SET SQL_MODE=@OLD_SQL_MODE */;
/*!40014 SET FOREIGN_KEY_CHECKS=@OLD_FOREIGN_KEY_CHECKS */;
/*!40014 SET UNIQUE_CHECKS=@OLD_UNIQUE_CHECKS */;
/*!40101 SET CHARACTER_SET_CLIENT=@OLD_CHARACTER_SET_CLIENT */;
/*!40101 SET CHARACTER_SET_RESULTS=@OLD_CHARACTER_SET_RESULTS */;
/*!40101 SET COLLATION_CONNECTION=@OLD_COLLATION_CONNECTION */;
/*!40111 SET SQL_NOTES=@OLD_SQL_NOTES */;

-- Dump completed on 2022-03-25  0:17:00
